Allocation_ID,Project_ID,Employee_ID,Role_On_Project,Hours_Allocated,Hours_Worked,Tasks_Assigned,Tasks_Completed,Quality_Score,Performance_Rating
A00001,P0001,E0056,BI Analyst,92,84,41,35,91.9,4.6
A00002,P0001,E0147,Business Analyst,195,209,40,36,91.1,4.4
A00003,P0001,E0018,Senior Data Analyst,88,72,33,28,86.1,4.5
A00004,P0001,E0069,BI Analyst,115,89,11,10,95.7,4.7
A00005,P0002,E0147,Business Analyst,166,164,32,30,98.2,4.7
A00006,P0002,E0127,Full Stack Developer,68,51,23,19,91.6,4.4
A00007,P0002,E0120,Automation Tester,167,167,12,9,81.6,3.9
A00008,P0003,E0070,Automation Tester,132,138,28,22,86.2,4.1
A00009,P0003,E0149,Software Tester,73,85,32,30,85.0,4.2
A00010,P0004,E0053,Software Tester,133,134,42,38,93.0,4.5
A00011,P0004,E0086,Automation Tester,214,172,19,14,93.7,4.8
A00012,P0004,E0143,Automation Tester,160,133,12,11,100.0,5.0
A00013,P0004,E0049,Software Developer,44,42,45,36,93.0,4.6
A00014,P0004,E0104,QA Engineer,57,53,8,6,93.6,4.7
A00015,P0005,E0046,IT Support Executive,95,94,10,8,81.9,3.9
A00016,P0005,E0050,Technical Support Engineer,55,61,33,29,96.3,4.8
A00017,P0005,E0129,Technical Support Engineer,169,179,26,20,83.4,4.3
A00018,P0005,E0088,Business Analyst,200,174,40,29,85.7,4.2
A00019,P0006,E0017,Business Analyst,148,160,33,30,84.7,4.2
A00020,P0006,E0032,BI Analyst,61,66,42,33,82.2,4.0
A00021,P0006,E0058,BI Analyst,177,176,17,15,96.1,4.6
A00022,P0006,E0007,Data Analyst,111,116,13,10,97.3,4.7
A00023,P0006,E0057,Data Analyst,119,102,13,9,93.1,4.6
A00024,P0007,E0023,Full Stack Developer,79,85,42,30,88.5,4.7
A00025,P0007,E0134,Business Analyst,123,125,33,32,97.3,4.9
A00026,P0007,E0001,Software Developer,190,185,12,9,85.6,4.2
A00027,P0008,E0020,Python Developer,218,194,35,27,87.6,4.4
A00028,P0008,E0068,Technical Support Engineer,101,90,11,10,89.3,4.4
A00029,P0008,E0129,Technical Support Engineer,102,110,13,12,85.4,4.3
A00030,P0008,E0125,Java Developer,151,173,15,13,98.9,5.0
A00031,P0009,E0144,Software Developer,196,185,11,9,74.3,3.5
A00032,P0009,E0074,Project Manager,119,120,19,16,96.6,5.0
A00033,P0009,E0082,Python Developer,70,67,8,7,92.6,4.8
A00034,P0009,E0020,Python Developer,75,71,8,5,85.9,4.3
A00035,P0009,E0060,QA Engineer,81,86,39,36,95.2,4.7
A00036,P0010,E0097,Technical Support Engineer,173,193,41,29,87.0,4.2
A00037,P0010,E0041,Technical Support Engineer,106,95,18,14,79.4,4.0
A00038,P0010,E0122,Technical Support Engineer,135,105,16,15,82.6,4.1
A00039,P0010,E0092,Software Tester,108,119,15,12,89.1,4.4
A00040,P0011,E0013,Data Analyst,125,144,35,28,86.6,4.2
A00041,P0011,E0048,Full Stack Developer,109,115,41,31,91.7,4.7
A00042,P0012,E0123,Data Analyst,107,105,44,37,87.9,4.5
A00043,P0012,E0027,QA Engineer,200,192,12,8,100.0,5.0
A00044,P0013,E0143,Automation Tester,156,157,40,32,92.3,4.5
A00045,P0013,E0026,Java Developer,132,135,11,10,87.9,4.3
A00046,P0013,E0064,Java Developer,167,174,44,36,97.4,5.0
A00047,P0013,E0008,Data Analyst,82,81,31,25,93.2,4.7
A00048,P0013,E0029,BI Analyst,80,77,24,18,82.3,4.2
A00049,P0014,E0105,IT Support Executive,186,227,15,14,94.5,4.8
A00050,P0014,E0074,Project Manager,98,95,40,32,95.2,4.9
A00051,P0015,E0049,Software Developer,51,54,8,7,91.1,4.7
A00052,P0015,E0094,QA Engineer,102,79,10,8,90.8,4.6
A00053,P0016,E0094,QA Engineer,133,146,32,24,88.3,4.4
A00054,P0016,E0117,Java Developer,78,74,19,16,98.8,5.0
A00055,P0016,E0124,Python Developer,49,47,43,41,90.5,4.4
A00056,P0016,E0083,IT Support Executive,207,201,34,32,94.6,4.6
A00057,P0016,E0118,Software Tester,97,113,28,27,84.5,4.0
A00058,P0017,E0091,BI Analyst,146,174,28,21,87.8,4.4
A00059,P0017,E0106,Project Manager,109,104,12,10,87.3,4.2
A00060,P0017,E0057,Data Analyst,186,172,31,27,89.2,4.7
A00061,P0018,E0012,Python Developer,168,188,11,8,96.8,4.8
A00062,P0018,E0065,Senior Data Analyst,85,84,22,17,88.8,4.4
A00063,P0019,E0147,Business Analyst,142,131,12,11,72.0,3.7
A00064,P0019,E0091,BI Analyst,159,163,26,20,83.5,4.1
A00065,P0020,E0086,Automation Tester,123,99,13,11,91.1,4.2
A00066,P0020,E0149,Software Tester,181,167,37,33,96.6,4.9
A00067,P0020,E0020,Python Developer,42,38,31,24,88.2,4.4
A00068,P0020,E0077,Automation Tester,91,91,26,24,81.9,4.1
A00069,P0021,E0083,IT Support Executive,199,188,23,17,97.2,4.6
A00070,P0021,E0082,Python Developer,158,137,31,24,90.8,4.4
A00071,P0021,E0050,Technical Support Engineer,191,175,39,32,84.2,4.3
A00072,P0021,E0019,Full Stack Developer,90,75,42,41,80.4,3.8
A00073,P0022,E0064,Java Developer,78,69,8,6,85.3,4.4
A00074,P0022,E0036,QA Engineer,144,133,9,8,94.5,4.4
A00075,P0022,E0102,QA Engineer,99,98,42,33,88.3,4.4
A00076,P0023,E0007,Data Analyst,202,209,8,5,89.0,4.6
A00077,P0023,E0028,Data Analyst,125,139,8,7,98.0,5.0
A00078,P0023,E0074,Project Manager,208,216,32,31,84.8,4.2
A00079,P0023,E0119,Business Analyst,118,129,14,10,96.5,4.8
A00080,P0024,E0077,Automation Tester,175,134,23,20,85.4,4.3
A00081,P0024,E0140,Software Developer,147,141,39,34,87.0,4.3
A00082,P0024,E0060,QA Engineer,55,62,17,12,91.8,4.6
A00083,P0025,E0147,Business Analyst,63,58,10,8,80.5,4.1
A00084,P0025,E0082,Python Developer,99,96,41,39,92.3,4.7
A00085,P0025,E0104,QA Engineer,145,132,31,30,93.9,4.7
A00086,P0025,E0111,Data Analyst,157,134,13,10,96.3,4.7
A00087,P0026,E0014,Java Developer,169,163,16,11,84.7,4.3
A00088,P0026,E0126,Java Developer,203,219,33,32,89.5,4.6
A00089,P0027,E0012,Python Developer,191,160,44,33,92.4,4.5
A00090,P0027,E0105,IT Support Executive,55,60,35,27,94.2,4.7
A00091,P0028,E0023,Full Stack Developer,100,76,26,23,86.1,4.3
A00092,P0028,E0057,Data Analyst,106,102,28,27,90.8,4.6
A00093,P0028,E0125,Java Developer,140,171,28,23,87.6,4.3
A00094,P0029,E0127,Full Stack Developer,155,172,25,19,93.2,4.7
A00095,P0029,E0086,Automation Tester,99,92,12,10,90.8,4.5
A00096,P0029,E0113,Full Stack Developer,91,80,16,14,81.3,4.0
A00097,P0029,E0028,Data Analyst,189,217,14,13,98.4,4.8
A00098,P0030,E0143,Automation Tester,67,67,18,13,93.3,4.5
A00099,P0030,E0030,Software Developer,155,168,37,34,71.4,3.6
A00100,P0030,E0127,Full Stack Developer,120,112,34,29,92.3,4.5
A00101,P0031,E0119,Business Analyst,177,179,30,29,88.0,4.4
A00102,P0031,E0136,Business Analyst,93,86,36,30,93.0,4.7
A00103,P0032,E0150,Technical Support Engineer,158,138,24,17,94.1,4.7
A00104,P0032,E0045,IT Support Executive,70,79,13,11,93.2,4.5
A00105,P0032,E0023,Full Stack Developer,80,77,27,26,86.6,4.4
A00106,P0032,E0103,Full Stack Developer,220,150,10,8,100.0,5.0
A00107,P0033,E0111,Data Analyst,123,132,17,16,78.9,4.1
A00108,P0033,E0107,Senior Data Analyst,63,63,23,19,100.0,5.0
A00109,P0033,E0123,Data Analyst,131,117,33,25,88.7,4.4
A00110,P0034,E0132,Software Tester,213,199,27,23,98.0,4.9
A00111,P0034,E0053,Software Tester,106,116,19,14,96.4,4.8
A00112,P0035,E0045,IT Support Executive,143,151,36,31,87.3,4.5
A00113,P0035,E0039,Full Stack Developer,182,203,43,33,96.4,4.8
A00114,P0036,E0082,Python Developer,64,60,37,31,87.3,4.2
A00115,P0036,E0129,Technical Support Engineer,66,59,16,14,96.3,4.9
A00116,P0036,E0102,QA Engineer,71,64,8,6,89.2,4.5
A00117,P0037,E0111,Data Analyst,96,99,16,12,96.3,5.0
A00118,P0037,E0074,Project Manager,90,93,33,28,93.1,4.6
A00119,P0038,E0114,Java Developer,215,246,13,10,85.1,4.3
A00120,P0038,E0001,Software Developer,189,224,45,37,96.6,5.0
A00121,P0038,E0088,Business Analyst,106,118,12,9,83.4,4.3
A00122,P0038,E0066,Python Developer,45,39,12,9,100.0,4.9
A00123,P0039,E0057,Data Analyst,205,208,36,33,87.5,4.5
A00124,P0039,E0023,Full Stack Developer,72,73,13,12,97.2,4.8
A00125,P0039,E0028,Data Analyst,124,120,15,13,89.4,4.6
A00126,P0040,E0043,BI Analyst,158,150,11,10,84.0,3.9
A00127,P0040,E0059,Business Analyst,83,93,44,36,89.3,4.5
A00128,P0041,E0147,Business Analyst,141,146,39,32,91.2,4.7
A00129,P0041,E0017,Business Analyst,47,47,32,24,74.5,4.0
A00130,P0041,E0041,Technical Support Engineer,214,233,35,34,86.6,4.2
A00131,P0041,E0097,Technical Support Engineer,84,89,30,22,86.4,4.3
A00132,P0041,E0112,IT Support Executive,94,98,19,17,100.0,4.8
A00133,P0042,E0030,Software Developer,111,135,36,34,82.0,4.2
A00134,P0042,E0114,Java Developer,78,90,10,9,100.0,5.0
A00135,P0042,E0105,IT Support Executive,197,188,23,18,81.2,3.9
A00136,P0042,E0050,Technical Support Engineer,205,185,26,24,90.5,4.6
A00137,P0043,E0017,Business Analyst,145,126,43,37,85.4,4.2
A00138,P0043,E0043,BI Analyst,162,152,11,10,85.2,4.3
A00139,P0043,E0076,Business Analyst,62,59,25,20,83.7,4.2
A00140,P0043,E0144,Software Developer,138,109,16,14,86.6,4.4
A00141,P0043,E0070,Automation Tester,147,146,20,14,88.4,4.1
A00142,P0044,E0076,Business Analyst,201,188,42,32,93.2,4.5
A00143,P0044,E0058,BI Analyst,44,52,32,31,90.1,4.4
A00144,P0044,E0019,Full Stack Developer,131,124,38,33,83.8,4.0
A00145,P0045,E0024,Data Analyst,128,94,44,41,89.4,4.7
A00146,P0045,E0091,BI Analyst,168,170,28,23,98.5,5.0
A00147,P0045,E0019,Full Stack Developer,139,146,25,22,94.6,4.8
A00148,P0045,E0130,Full Stack Developer,86,72,9,8,84.9,4.4
A00149,P0045,E0093,Senior Data Analyst,121,117,22,16,82.6,4.4
A00150,P0046,E0126,Java Developer,111,111,11,9,93.6,4.7
A00151,P0046,E0080,Technical Support Engineer,160,168,41,32,98.4,4.7
A00152,P0047,E0098,Python Developer,189,197,22,20,83.2,4.1
A00153,P0047,E0075,Software Developer,80,83,14,12,94.8,4.7
A00154,P0047,E0118,Software Tester,103,93,23,17,99.7,5.0
A00155,P0047,E0082,Python Developer,108,126,42,30,94.5,4.5
A00156,P0048,E0056,BI Analyst,96,109,44,37,85.7,4.6
A00157,P0048,E0111,Data Analyst,139,135,30,21,97.1,5.0
A00158,P0049,E0076,Business Analyst,85,100,23,17,96.7,4.7
A00159,P0049,E0144,Software Developer,191,210,28,27,95.7,4.9
A00160,P0049,E0059,Business Analyst,218,210,30,26,81.2,4.0
A00161,P0050,E0007,Data Analyst,220,226,30,24,87.6,4.3
A00162,P0050,E0090,Senior Data Analyst,185,121,44,37,78.7,3.9
A00163,P0051,E0028,Data Analyst,184,178,20,17,81.3,4.0
A00164,P0051,E0018,Senior Data Analyst,166,185,42,35,86.7,4.5
A00165,P0051,E0056,BI Analyst,119,107,19,14,89.6,4.4
A00166,P0052,E0042,Technical Support Engineer,49,52,13,10,81.7,4.2
A00167,P0052,E0110,Automation Tester,54,50,22,20,82.9,4.3
A00168,P0052,E0148,IT Support Executive,194,197,22,19,84.7,4.2
A00169,P0052,E0030,Software Developer,45,38,41,39,84.4,3.9
A00170,P0052,E0067,Technical Support Engineer,162,191,8,7,96.3,5.0
A00171,P0053,E0030,Software Developer,197,215,20,17,89.4,4.3
A00172,P0053,E0136,Business Analyst,73,96,29,25,90.8,4.2
A00173,P0053,E0148,IT Support Executive,85,84,28,20,89.2,4.3
A00174,P0053,E0127,Full Stack Developer,55,56,9,7,76.7,4.0
A00175,P0054,E0020,Python Developer,190,199,17,16,89.5,4.5
A00176,P0054,E0002,IT Support Executive,68,64,41,39,90.7,4.7
A00177,P0054,E0050,Technical Support Engineer,133,135,12,11,93.1,4.8
A00178,P0055,E0130,Full Stack Developer,220,224,33,25,95.9,4.8
A00179,P0055,E0023,Full Stack Developer,190,154,14,13,89.6,4.7
A00180,P0055,E0094,QA Engineer,126,135,27,25,78.1,3.8
A00181,P0055,E0118,Software Tester,122,137,16,14,91.9,4.6
A00182,P0056,E0087,Data Analyst,151,153,39,29,93.6,4.7
A00183,P0056,E0093,Senior Data Analyst,206,274,28,26,80.0,4.0
A00184,P0056,E0076,Business Analyst,84,88,43,33,100.0,5.0
A00185,P0057,E0141,IT Support Executive,97,100,45,43,91.4,4.6
A00186,P0057,E0106,Project Manager,84,88,32,30,91.8,4.4
A00187,P0057,E0117,Java Developer,118,129,26,25,89.4,4.7
A00188,P0057,E0089,Full Stack Developer,72,72,19,13,87.8,4.5
A00189,P0058,E0026,Java Developer,219,192,44,38,87.8,4.7
A00190,P0058,E0089,Full Stack Developer,140,143,44,40,88.4,4.3
A00191,P0059,E0103,Full Stack Developer,86,74,28,23,88.0,4.7
A00192,P0059,E0023,Full Stack Developer,196,184,22,21,92.9,4.4
A00193,P0060,E0091,BI Analyst,167,144,17,12,89.9,4.6
A00194,P0060,E0008,Data Analyst,124,132,12,8,88.7,4.6
A00195,P0061,E0017,Business Analyst,128,161,28,21,81.9,4.0
A00196,P0061,E0118,Software Tester,82,104,13,11,84.4,4.4
A00197,P0061,E0030,Software Developer,211,203,29,25,85.6,4.3
A00198,P0062,E0088,Business Analyst,42,53,24,21,100.0,5.0
A00199,P0062,E0076,Business Analyst,93,79,23,16,89.6,4.4
A00200,P0062,E0013,Data Analyst,217,242,12,8,90.8,4.5
A00201,P0062,E0107,Senior Data Analyst,129,137,24,19,84.6,4.0
A00202,P0062,E0043,BI Analyst,67,67,8,7,82.8,4.1
A00203,P0063,E0067,Technical Support Engineer,138,90,36,32,89.1,4.3
A00204,P0063,E0017,Business Analyst,147,126,18,16,83.2,4.2
A00205,P0064,E0093,Senior Data Analyst,166,149,32,29,93.4,4.7
A00206,P0064,E0084,Data Analyst,129,136,42,33,98.8,5.0
A00207,P0064,E0040,Senior Data Analyst,136,162,14,13,88.8,4.4
A00208,P0064,E0091,BI Analyst,162,141,44,31,79.4,4.1
A00209,P0064,E0107,Senior Data Analyst,206,190,22,19,88.0,4.6
A00210,P0065,E0012,Python Developer,155,140,12,10,82.8,4.4
A00211,P0065,E0033,QA Engineer,48,46,26,20,80.7,4.2
A00212,P0065,E0110,Automation Tester,45,46,28,26,91.6,4.5
A00213,P0066,E0127,Full Stack Developer,66,72,12,8,100.0,4.8
A00214,P0066,E0067,Technical Support Engineer,127,127,18,17,92.6,4.9
A00215,P0066,E0026,Java Developer,136,112,18,17,82.4,4.2
A00216,P0066,E0100,Automation Tester,59,71,43,40,89.8,4.2
A00217,P0067,E0033,QA Engineer,126,125,38,28,90.0,4.8
A00218,P0067,E0100,Automation Tester,220,239,9,7,100.0,5.0
A00219,P0068,E0136,Business Analyst,207,205,18,14,88.4,4.6
A00220,P0068,E0062,IT Support Executive,195,169,35,28,86.3,4.5
A00221,P0068,E0006,Technical Support Engineer,80,68,11,8,85.8,4.3
A00222,P0068,E0097,Technical Support Engineer,65,62,29,28,82.4,4.3
A00223,P0068,E0059,Business Analyst,92,79,20,15,84.9,4.2
A00224,P0069,E0076,Business Analyst,218,220,43,39,84.6,4.3
A00225,P0069,E0136,Business Analyst,178,204,24,18,96.0,5.0
A00226,P0069,E0045,IT Support Executive,209,207,26,21,87.9,4.2
A00227,P0069,E0099,IT Support Executive,116,125,23,20,96.4,4.8
A00228,P0069,E0119,Business Analyst,64,73,11,8,92.9,4.7
A00229,P0070,E0089,Full Stack Developer,186,170,43,39,93.1,4.9
A00230,P0070,E0126,Java Developer,165,159,17,12,82.5,3.8
A00231,P0070,E0027,QA Engineer,53,61,31,24,87.0,4.2
A00232,P0070,E0086,Automation Tester,40,46,35,26,100.0,5.0
A00233,P0070,E0148,IT Support Executive,62,61,26,24,99.6,5.0
A00234,P0071,E0087,Data Analyst,91,86,14,12,93.9,4.6
A00235,P0071,E0116,BI Analyst,46,47,21,18,95.5,4.9
A00236,P0071,E0043,BI Analyst,83,90,26,21,99.9,5.0
A00237,P0071,E0069,BI Analyst,60,59,38,33,76.6,4.1
A00238,P0071,E0093,Senior Data Analyst,69,69,27,22,80.3,4.1
A00239,P0072,E0124,Python Developer,160,159,39,29,79.5,3.9
A00240,P0072,E0049,Software Developer,209,211,24,23,90.4,4.5
A00241,P0072,E0015,Java Developer,63,68,42,34,83.5,4.1
A00242,P0072,E0066,Python Developer,139,174,19,18,96.4,5.0
A00243,P0072,E0058,BI Analyst,134,151,32,30,88.2,4.3
A00244,P0073,E0008,Data Analyst,87,75,36,27,91.5,4.7
A00245,P0073,E0111,Data Analyst,51,58,24,22,79.8,4.1
A00246,P0073,E0093,Senior Data Analyst,152,161,37,35,93.2,4.6
A00247,P0073,E0136,Business Analyst,107,111,22,16,78.2,4.0
A00248,P0074,E0019,Full Stack Developer,184,199,11,8,87.5,4.5
A00249,P0074,E0125,Java Developer,78,89,14,10,89.5,4.4
A00250,P0074,E0147,Business Analyst,61,67,30,28,86.4,4.7
A00251,P0074,E0066,Python Developer,178,158,34,30,88.3,4.6
A00252,P0075,E0060,QA Engineer,181,189,11,8,82.9,3.9
A00253,P0075,E0125,Java Developer,139,152,41,30,86.2,4.2
A00254,P0075,E0066,Python Developer,147,180,42,33,84.9,4.2
A00255,P0076,E0108,Software Tester,186,179,23,17,100.0,5.0
A00256,P0076,E0125,Java Developer,161,130,27,19,78.6,4.1
A00257,P0076,E0014,Java Developer,60,85,33,25,91.4,4.4
A00258,P0076,E0030,Software Developer,48,44,40,30,85.4,4.2
A00259,P0076,E0088,Business Analyst,186,160,41,31,87.6,4.4
A00260,P0077,E0098,Python Developer,70,71,36,33,83.1,4.0
A00261,P0077,E0048,Full Stack Developer,84,76,18,15,92.7,4.5
A00262,P0077,E0113,Full Stack Developer,94,85,20,14,91.2,4.3
A00263,P0078,E0030,Software Developer,50,55,35,34,83.0,4.2
A00264,P0078,E0001,Software Developer,60,62,35,34,87.4,4.1
A00265,P0078,E0066,Python Developer,91,98,17,12,89.3,4.4
A00266,P0079,E0028,Data Analyst,121,135,12,11,88.2,4.5
A00267,P0079,E0106,Project Manager,62,58,32,30,80.2,4.1
A00268,P0079,E0007,Data Analyst,182,140,33,26,94.6,4.9
A00269,P0079,E0124,Python Developer,181,189,28,24,87.3,4.5
A00270,P0080,E0049,Software Developer,173,154,37,27,81.6,3.9
A00271,P0080,E0098,Python Developer,43,47,45,43,78.4,3.9
A00272,P0080,E0028,Data Analyst,173,123,34,29,92.1,4.3
A00273,P0080,E0082,Python Developer,68,60,34,31,96.4,4.8
A00274,P0081,E0136,Business Analyst,77,77,44,32,79.6,4.1
A00275,P0081,E0110,Automation Tester,190,200,45,41,86.3,4.3
A00276,P0081,E0103,Full Stack Developer,65,66,14,13,92.2,4.7
A00277,P0082,E0103,Full Stack Developer,113,123,42,37,83.3,4.4
A00278,P0082,E0048,Full Stack Developer,128,116,34,32,90.1,4.4
A00279,P0083,E0093,Senior Data Analyst,138,147,39,30,94.2,4.6
A00280,P0083,E0111,Data Analyst,186,183,38,31,90.1,4.4
A00281,P0083,E0116,BI Analyst,49,47,19,17,96.3,5.0
A00282,P0083,E0056,BI Analyst,110,119,33,32,100.0,5.0
A00283,P0084,E0046,IT Support Executive,198,169,33,31,93.7,4.6
A00284,P0084,E0012,Python Developer,49,44,33,32,97.6,4.7
A00285,P0084,E0066,Python Developer,124,111,23,21,78.7,3.8
A00286,P0085,E0144,Software Developer,161,143,25,23,90.8,4.8
A00287,P0085,E0088,Business Analyst,135,114,9,8,91.8,4.6
A00288,P0086,E0091,BI Analyst,117,109,27,26,90.8,4.6
A00289,P0086,E0028,Data Analyst,111,124,39,31,90.8,4.4
A00290,P0086,E0088,Business Analyst,218,204,14,12,91.6,4.7
A00291,P0086,E0126,Java Developer,98,88,16,13,90.5,4.4
A00292,P0087,E0113,Full Stack Developer,153,144,28,20,76.0,3.6
A00293,P0087,E0074,Project Manager,108,93,34,28,84.0,4.3
A00294,P0087,E0030,Software Developer,194,201,13,10,88.2,4.6
A00295,P0087,E0100,Automation Tester,88,84,36,32,97.7,4.7
A00296,P0088,E0040,Senior Data Analyst,144,167,39,38,85.0,4.2
A00297,P0088,E0053,Software Tester,172,160,31,24,90.4,4.5
A00298,P0088,E0087,Data Analyst,54,60,40,29,99.9,5.0
A00299,P0089,E0066,Python Developer,56,51,27,20,85.7,4.3
A00300,P0089,E0070,Automation Tester,169,108,33,30,94.3,4.6
A00301,P0089,E0015,Java Developer,74,91,41,32,95.6,4.9
A00302,P0090,E0080,Technical Support Engineer,84,75,20,16,87.7,4.5
A00303,P0090,E0083,IT Support Executive,91,98,11,9,82.1,4.2
A00304,P0091,E0115,Data Analyst,48,46,37,32,83.3,3.9
A00305,P0091,E0074,Project Manager,52,52,31,26,91.3,4.8
A00306,P0091,E0056,BI Analyst,220,173,20,16,87.6,4.5
A00307,P0092,E0029,BI Analyst,134,127,37,33,92.7,4.8
A00308,P0092,E0024,Data Analyst,169,187,33,31,83.3,4.1
A00309,P0092,E0125,Java Developer,202,215,15,11,99.5,5.0
A00310,P0092,E0114,Java Developer,214,195,9,7,84.7,4.3
A00311,P0093,E0064,Java Developer,135,137,39,31,93.5,4.4
A00312,P0093,E0117,Java Developer,192,187,36,26,90.4,4.6
A00313,P0093,E0120,Automation Tester,85,81,38,35,90.0,4.4
A00314,P0094,E0045,IT Support Executive,128,142,18,13,85.4,4.4
A00315,P0094,E0148,IT Support Executive,106,127,13,9,89.8,4.2
A00316,P0094,E0005,Java Developer,112,131,9,8,87.5,4.6
A00317,P0094,E0017,Business Analyst,138,142,11,9,84.8,4.5
A00318,P0095,E0130,Full Stack Developer,186,163,21,17,84.9,4.3
A00319,P0095,E0086,Automation Tester,96,75,22,18,100.0,5.0
A00320,P0095,E0009,Full Stack Developer,213,176,21,16,86.1,4.5
A00321,P0096,E0001,Software Developer,206,186,34,33,89.0,4.5
A00322,P0096,E0029,BI Analyst,171,183,9,6,80.2,4.0
A00323,P0096,E0005,Java Developer,214,168,8,7,93.7,4.7
A00324,P0096,E0026,Java Developer,161,181,16,15,85.6,4.3
A00325,P0097,E0058,BI Analyst,193,193,8,6,93.0,4.6
A00326,P0097,E0043,BI Analyst,97,102,24,22,91.6,4.5
A00327,P0097,E0065,Senior Data Analyst,195,180,27,20,100.0,5.0
A00328,P0098,E0148,IT Support Executive,148,149,32,31,91.9,4.8
A00329,P0098,E0080,Technical Support Engineer,129,113,37,28,90.5,4.3
A00330,P0098,E0136,Business Analyst,104,92,21,16,87.0,4.2
A00331,P0098,E0031,Technical Support Engineer,159,158,27,20,91.4,4.4
A00332,P0099,E0120,Automation Tester,189,181,14,12,97.2,4.9
A00333,P0099,E0023,Full Stack Developer,41,40,40,33,96.3,4.8
A00334,P0099,E0020,Python Developer,209,198,31,24,89.8,4.1
A00335,P0099,E0114,Java Developer,183,164,26,24,100.0,5.0
A00336,P0099,E0019,Full Stack Developer,116,80,14,11,82.3,4.3
A00337,P0100,E0076,Business Analyst,56,40,29,27,95.8,4.7
A00338,P0100,E0039,Full Stack Developer,110,114,28,21,79.6,3.7
A00339,P0100,E0019,Full Stack Developer,110,106,24,19,94.0,4.7
A00340,P0100,E0093,Senior Data Analyst,207,207,27,23,89.0,4.6
A00341,P0100,E0057,Data Analyst,88,100,17,15,89.8,4.4
A00342,P0101,E0031,Technical Support Engineer,54,57,33,27,89.1,4.3
A00343,P0101,E0119,Business Analyst,209,211,28,26,98.0,4.8
A00344,P0101,E0066,Python Developer,214,201,16,15,80.7,3.9
A00345,P0102,E0148,IT Support Executive,207,229,39,34,80.3,4.2
A00346,P0102,E0019,Full Stack Developer,115,115,24,20,95.5,4.8
A00347,P0103,E0005,Java Developer,143,145,32,26,82.1,4.1
A00348,P0103,E0053,Software Tester,49,61,45,36,83.3,4.2
A00349,P0103,E0064,Java Developer,186,196,20,16,88.5,4.5
A00350,P0103,E0036,QA Engineer,127,130,22,18,86.0,4.3
A00351,P0103,E0104,QA Engineer,215,233,42,33,71.3,3.6
A00352,P0104,E0032,BI Analyst,211,189,30,25,95.1,4.8
A00353,P0104,E0009,Full Stack Developer,169,153,27,20,92.4,4.7
A00354,P0104,E0089,Full Stack Developer,83,71,43,31,90.6,4.6
A00355,P0104,E0057,Data Analyst,86,99,26,23,90.6,4.2
A00356,P0104,E0140,Software Developer,64,62,38,33,99.9,4.9
A00357,P0105,E0088,Business Analyst,106,114,43,41,94.5,4.7
A00358,P0105,E0104,QA Engineer,86,104,29,27,97.3,4.7
A00359,P0105,E0015,Java Developer,207,173,13,12,88.0,4.6
A00360,P0106,E0107,Senior Data Analyst,130,141,22,17,91.9,4.6
A00361,P0106,E0076,Business Analyst,118,127,34,32,82.1,4.0
A00362,P0106,E0057,Data Analyst,124,120,31,23,90.0,4.4
A00363,P0107,E0066,Python Developer,189,190,26,19,82.0,4.0
A00364,P0107,E0039,Full Stack Developer,158,149,15,14,95.1,4.9
A00365,P0107,E0122,Technical Support Engineer,160,149,11,10,86.5,4.4
A00366,P0107,E0126,Java Developer,202,197,45,42,86.4,4.5
A00367,P0108,E0150,Technical Support Engineer,160,142,20,16,93.9,4.6
A00368,P0108,E0041,Technical Support Engineer,168,136,15,11,89.5,4.5
A00369,P0109,E0066,Python Developer,175,162,27,21,96.9,4.8
A00370,P0109,E0048,Full Stack Developer,145,162,11,8,86.9,4.3
A00371,P0109,E0030,Software Developer,78,68,16,13,97.3,4.8
A00372,P0109,E0023,Full Stack Developer,91,88,29,27,85.6,4.1
A00373,P0109,E0144,Software Developer,144,119,44,41,100.0,5.0
A00374,P0110,E0066,Python Developer,76,68,28,27,90.1,4.2
A00375,P0110,E0055,IT Support Executive,86,90,13,9,97.6,5.0
A00376,P0110,E0118,Software Tester,164,173,29,23,88.5,4.7
A00377,P0110,E0015,Java Developer,201,149,19,14,88.9,4.5
A00378,P0110,E0020,Python Developer,120,117,11,9,85.6,4.6
A00379,P0111,E0124,Python Developer,155,157,25,19,80.1,4.3
A00380,P0111,E0098,Python Developer,93,104,18,15,91.6,4.6
A00381,P0112,E0125,Java Developer,165,164,13,12,91.2,4.5
A00382,P0112,E0025,Senior Data Analyst,73,76,35,33,82.8,4.3
A00383,P0112,E0013,Data Analyst,202,221,35,30,91.2,4.7
A00384,P0113,E0113,Full Stack Developer,149,154,38,37,89.4,4.7
A00385,P0113,E0059,Business Analyst,138,133,8,5,99.9,5.0
A00386,P0113,E0118,Software Tester,49,47,42,36,82.9,4.0
A00387,P0113,E0126,Java Developer,91,68,31,26,87.9,4.4
A00388,P0113,E0014,Java Developer,43,46,28,25,96.4,4.8
A00389,P0114,E0060,QA Engineer,44,53,8,7,87.0,4.2
A00390,P0114,E0049,Software Developer,200,207,23,22,93.8,4.8
A00391,P0114,E0120,Automation Tester,97,88,30,21,87.8,4.7
A00392,P0115,E0076,Business Analyst,73,79,14,11,93.1,4.7
A00393,P0115,E0141,IT Support Executive,138,128,40,30,99.6,5.0
A00394,P0115,E0129,Technical Support Engineer,190,174,27,23,96.0,5.0
A00395,P0115,E0126,Java Developer,82,86,12,11,80.4,4.0
A00396,P0116,E0060,QA Engineer,116,117,26,24,96.2,4.9
A00397,P0116,E0147,Business Analyst,156,177,41,32,88.9,4.6
A00398,P0117,E0082,Python Developer,151,183,16,15,90.5,4.4
A00399,P0117,E0015,Java Developer,127,126,39,32,91.9,4.8
A00400,P0117,E0018,Senior Data Analyst,131,118,20,19,93.5,4.9
A00401,P0117,E0077,Automation Tester,82,71,33,23,91.9,4.5
A00402,P0118,E0059,Business Analyst,98,86,22,15,80.9,3.9
A00403,P0118,E0046,IT Support Executive,73,84,21,16,82.1,4.4
A00404,P0119,E0089,Full Stack Developer,190,171,40,32,77.4,3.8
A00405,P0119,E0108,Software Tester,83,85,15,14,95.1,4.8
A00406,P0120,E0002,IT Support Executive,206,167,10,7,86.7,4.5
A00407,P0120,E0130,Full Stack Developer,136,137,24,21,92.7,4.4
A00408,P0120,E0134,Business Analyst,176,177,11,10,90.9,4.5
A00409,P0120,E0042,Technical Support Engineer,192,171,11,10,84.0,4.2
A00410,P0121,E0121,BI Analyst,207,232,9,6,79.7,4.0
A00411,P0121,E0017,Business Analyst,52,52,15,12,85.0,4.5
A00412,P0122,E0046,IT Support Executive,153,146,32,29,89.1,4.5
A00413,P0122,E0050,Technical Support Engineer,71,77,43,42,91.2,4.6
A00414,P0122,E0106,Project Manager,104,109,38,31,93.0,4.5
A00415,P0122,E0059,Business Analyst,219,176,17,15,95.3,4.7
A00416,P0122,E0088,Business Analyst,92,107,8,6,100.0,5.0
A00417,P0123,E0076,Business Analyst,147,115,14,11,93.8,4.6
A00418,P0123,E0067,Technical Support Engineer,209,230,41,30,86.4,4.3
A00419,P0123,E0009,Full Stack Developer,109,112,16,13,85.4,4.4
A00420,P0123,E0113,Full Stack Developer,147,159,14,13,87.5,4.4
A00421,P0124,E0099,IT Support Executive,112,111,15,14,87.7,4.5
A00422,P0124,E0097,Technical Support Engineer,67,60,39,36,90.2,4.6
A00423,P0125,E0030,Software Developer,195,216,20,15,93.0,4.6
A00424,P0125,E0066,Python Developer,107,114,41,34,86.3,4.4
A00425,P0125,E0132,Software Tester,91,95,30,26,87.1,4.5
A00426,P0126,E0088,Business Analyst,115,114,18,16,93.3,4.4
A00427,P0126,E0106,Project Manager,50,56,43,36,88.5,4.2
A00428,P0126,E0075,Software Developer,167,221,21,19,84.8,4.4
A00429,P0126,E0058,BI Analyst,216,248,38,32,88.8,4.3
A00430,P0126,E0013,Data Analyst,124,110,23,17,94.5,4.9
A00431,P0127,E0080,Technical Support Engineer,43,41,13,10,86.4,4.2
A00432,P0127,E0112,IT Support Executive,68,62,44,33,98.0,4.9
A00433,P0128,E0033,QA Engineer,78,71,13,9,94.7,4.6
A00434,P0128,E0143,Automation Tester,170,185,12,10,90.3,4.5
A00435,P0128,E0141,IT Support Executive,65,73,24,23,89.4,4.5
A00436,P0128,E0064,Java Developer,204,217,22,16,82.5,4.1
A00437,P0128,E0001,Software Developer,156,162,26,19,98.6,4.7
A00438,P0129,E0125,Java Developer,158,169,11,9,91.2,4.5
A00439,P0129,E0023,Full Stack Developer,65,71,19,16,83.3,4.1
A00440,P0129,E0066,Python Developer,50,49,26,25,93.0,4.7
A00441,P0129,E0112,IT Support Executive,132,110,28,20,92.7,4.9
A00442,P0130,E0116,BI Analyst,69,87,14,13,83.5,4.3
A00443,P0130,E0040,Senior Data Analyst,51,49,8,6,100.0,4.9
A00444,P0130,E0136,Business Analyst,75,66,18,13,84.3,4.2
A00445,P0130,E0106,Project Manager,124,112,30,28,84.9,4.3
A00446,P0130,E0020,Python Developer,152,157,25,24,96.4,4.7
A00447,P0131,E0019,Full Stack Developer,135,143,29,24,93.0,4.5
A00448,P0131,E0120,Automation Tester,86,88,15,13,91.9,4.7
A00449,P0132,E0042,Technical Support Engineer,142,117,37,35,96.7,4.9
A00450,P0132,E0147,Business Analyst,109,111,32,30,99.1,4.7
A00451,P0132,E0006,Technical Support Engineer,216,238,38,33,97.8,4.9
A00452,P0132,E0148,IT Support Executive,147,146,18,16,91.7,4.6
A00453,P0132,E0055,IT Support Executive,68,65,16,13,89.3,4.4
A00454,P0133,E0058,BI Analyst,80,67,14,10,88.0,4.4
A00455,P0133,E0001,Software Developer,146,153,45,44,91.6,4.4
A00456,P0134,E0050,Technical Support Engineer,185,181,36,31,91.3,4.6
A00457,P0134,E0147,Business Analyst,86,92,32,26,98.8,4.9
A00458,P0134,E0041,Technical Support Engineer,131,154,9,7,89.3,4.3
A00459,P0134,E0073,IT Support Executive,215,185,16,11,82.9,4.1
A00460,P0134,E0055,IT Support Executive,163,156,39,36,97.7,4.9
A00461,P0135,E0099,IT Support Executive,145,155,36,28,91.2,4.8
A00462,P0135,E0097,Technical Support Engineer,51,41,12,11,86.4,4.3
A00463,P0136,E0014,Java Developer,207,215,28,26,83.9,4.1
A00464,P0136,E0089,Full Stack Developer,43,40,41,35,87.9,4.6
A00465,P0136,E0073,IT Support Executive,187,205,44,40,84.0,4.0
A00466,P0136,E0064,Java Developer,97,84,29,22,98.0,4.7
A00467,P0137,E0102,QA Engineer,150,135,23,16,82.8,4.2
A00468,P0137,E0088,Business Analyst,163,173,30,22,83.4,4.0
A00469,P0138,E0119,Business Analyst,78,73,43,37,84.3,4.2
A00470,P0138,E0094,QA Engineer,196,210,11,9,76.1,3.8
A00471,P0138,E0066,Python Developer,42,40,18,13,95.3,4.9
A00472,P0138,E0081,Data Analyst,169,169,38,36,92.0,4.8
A00473,P0138,E0007,Data Analyst,166,170,18,16,95.4,5.0
A00474,P0139,E0027,QA Engineer,165,192,28,21,93.9,4.6
A00475,P0139,E0124,Python Developer,101,110,29,28,100.0,5.0
A00476,P0140,E0017,Business Analyst,52,52,40,29,86.0,4.4
A00477,P0140,E0006,Technical Support Engineer,97,99,43,40,91.6,4.8
A00478,P0140,E0148,IT Support Executive,204,179,32,25,85.8,4.1
A00479,P0140,E0134,Business Analyst,143,150,23,18,80.6,4.0
A00480,P0141,E0073,IT Support Executive,157,194,36,34,88.8,4.4
A00481,P0141,E0112,IT Support Executive,186,172,36,31,89.8,4.5
A00482,P0142,E0074,Project Manager,167,153,36,35,83.3,3.8
A00483,P0142,E0066,Python Developer,120,127,15,12,86.0,4.5
A00484,P0143,E0094,QA Engineer,207,251,9,7,95.2,4.5
A00485,P0143,E0098,Python Developer,66,70,33,27,85.4,4.4
A00486,P0143,E0140,Software Developer,145,138,10,8,96.4,4.8
A00487,P0143,E0027,QA Engineer,182,190,43,38,92.7,4.7
A00488,P0143,E0100,Automation Tester,40,43,13,10,81.6,4.2
A00489,P0144,E0026,Java Developer,170,132,43,42,96.9,4.8
A00490,P0144,E0127,Full Stack Developer,92,89,37,35,86.2,4.3
A00491,P0144,E0119,Business Analyst,127,116,31,29,97.5,4.9
A00492,P0144,E0029,BI Analyst,53,70,22,19,86.0,4.4
A00493,P0145,E0024,Data Analyst,124,132,43,32,90.8,4.2
A00494,P0145,E0077,Automation Tester,198,203,38,36,79.6,4.1
A00495,P0145,E0149,Software Tester,208,180,31,24,83.3,4.1
A00496,P0145,E0033,QA Engineer,155,171,15,12,86.7,4.4
A00497,P0145,E0048,Full Stack Developer,64,61,22,19,84.4,4.1
A00498,P0146,E0042,Technical Support Engineer,127,129,30,27,93.5,4.6
A00499,P0146,E0086,Automation Tester,202,223,26,19,89.0,4.4
A00500,P0147,E0036,QA Engineer,219,246,14,10,79.0,4.0
A00501,P0147,E0103,Full Stack Developer,51,39,18,14,81.1,4.1
A00502,P0147,E0143,Automation Tester,166,180,16,11,91.6,4.7
A00503,P0147,E0053,Software Tester,144,136,14,12,89.8,4.4
A00504,P0148,E0067,Technical Support Engineer,196,220,20,18,95.7,4.6
A00505,P0148,E0131,IT Support Executive,88,82,15,13,100.0,5.0
A00506,P0148,E0141,IT Support Executive,140,107,21,16,85.8,4.2
A00507,P0148,E0136,Business Analyst,157,141,20,14,88.2,4.4
A00508,P0149,E0053,Software Tester,67,65,34,25,84.6,4.5
A00509,P0149,E0103,Full Stack Developer,51,48,45,41,95.7,4.6
A00510,P0149,E0067,Technical Support Engineer,71,69,36,29,93.5,4.4
A00511,P0149,E0011,IT Support Executive,157,165,45,40,89.1,4.6
A00512,P0150,E0110,Automation Tester,167,189,8,6,91.1,4.5
A00513,P0150,E0134,Business Analyst,175,185,11,10,89.0,4.5
A00514,P0150,E0120,Automation Tester,181,226,35,25,92.4,4.3
A00515,P0151,E0031,Technical Support Engineer,170,168,19,14,85.2,4.2
A00516,P0151,E0083,IT Support Executive,217,231,45,41,87.2,4.4
A00517,P0151,E0131,IT Support Executive,84,87,16,13,85.6,4.4
A00518,P0151,E0011,IT Support Executive,66,60,32,31,88.1,4.4
A00519,P0151,E0067,Technical Support Engineer,208,161,28,23,89.4,4.5
A00520,P0152,E0147,Business Analyst,147,160,23,20,97.3,5.0
A00521,P0152,E0083,IT Support Executive,110,111,33,25,82.9,4.1
A00522,P0152,E0080,Technical Support Engineer,127,104,26,21,93.4,4.6
A00523,P0152,E0150,Technical Support Engineer,155,154,16,11,85.9,4.6
A00524,P0152,E0134,Business Analyst,75,78,34,24,94.6,4.6
A00525,P0153,E0001,Software Developer,219,224,43,42,83.8,4.2
A00526,P0153,E0075,Software Developer,120,124,43,35,88.4,4.2
A00527,P0153,E0009,Full Stack Developer,201,183,21,15,91.3,4.7
A00528,P0153,E0043,BI Analyst,91,94,21,15,93.6,4.6
A00529,P0154,E0041,Technical Support Engineer,215,206,30,24,81.8,4.0
A00530,P0154,E0129,Technical Support Engineer,212,218,16,15,96.5,4.9
A00531,P0154,E0083,IT Support Executive,206,232,19,16,98.9,4.6
A00532,P0154,E0131,IT Support Executive,168,169,42,37,95.5,4.6
A00533,P0155,E0089,Full Stack Developer,69,76,30,27,70.0,3.5
A00534,P0155,E0018,Senior Data Analyst,183,186,38,29,84.2,4.0
A00535,P0155,E0059,Business Analyst,189,182,44,41,88.9,4.4
A00536,P0155,E0092,Software Tester,210,217,34,31,81.4,4.0
A00537,P0156,E0114,Java Developer,148,143,8,6,94.2,4.6
A00538,P0156,E0090,Senior Data Analyst,173,163,14,12,89.9,4.6
A00539,P0156,E0049,Software Developer,46,33,32,31,84.9,4.1
A00540,P0156,E0119,Business Analyst,77,69,11,8,82.6,4.0
A00541,P0157,E0083,IT Support Executive,91,98,25,21,88.0,4.4
A00542,P0157,E0055,IT Support Executive,81,66,26,20,85.9,4.3
A00543,P0158,E0126,Java Developer,77,74,11,9,87.4,4.3
A00544,P0158,E0014,Java Developer,216,218,26,22,79.1,4.0
A00545,P0158,E0075,Software Developer,92,99,42,40,86.9,4.4
A00546,P0158,E0102,QA Engineer,48,48,30,21,77.5,4.0
A00547,P0159,E0049,Software Developer,66,51,43,40,98.2,4.7
A00548,P0159,E0077,Automation Tester,97,95,43,33,92.0,4.7
A00549,P0159,E0019,Full Stack Developer,139,152,23,17,92.1,4.5
A00550,P0159,E0106,Project Manager,170,153,26,21,97.3,4.5
A00551,P0159,E0110,Automation Tester,217,219,11,10,90.4,4.6
A00552,P0160,E0091,BI Analyst,139,134,34,27,89.1,4.5
A00553,P0160,E0136,Business Analyst,215,203,28,21,93.0,4.6
A00554,P0160,E0088,Business Analyst,181,142,11,9,90.1,4.6
A00555,P0160,E0065,Senior Data Analyst,43,46,24,23,90.7,4.6
A00556,P0160,E0059,Business Analyst,91,79,36,26,97.6,5.0
A00557,P0161,E0020,Python Developer,202,243,31,23,97.3,5.0
A00558,P0161,E0046,IT Support Executive,190,181,42,36,85.4,4.3
A00559,P0161,E0015,Java Developer,194,181,20,19,86.4,4.2
A00560,P0162,E0136,Business Analyst,115,127,36,27,81.8,4.1
A00561,P0162,E0088,Business Analyst,85,65,12,10,89.6,4.4
A00562,P0162,E0041,Technical Support Engineer,87,84,19,14,88.5,4.6
A00563,P0163,E0132,Software Tester,136,88,10,9,86.1,4.4
A00564,P0163,E0066,Python Developer,149,92,25,22,88.1,4.4
A00565,P0164,E0006,Technical Support Engineer,73,66,18,17,95.2,4.3
A00566,P0164,E0031,Technical Support Engineer,189,250,24,20,99.0,4.8
A00567,P0164,E0042,Technical Support Engineer,41,44,29,28,89.4,4.5
A00568,P0164,E0050,Technical Support Engineer,159,133,17,16,90.2,4.7
A00569,P0165,E0143,Automation Tester,79,75,28,24,92.5,4.7
A00570,P0165,E0091,BI Analyst,192,219,11,10,87.2,4.5
A00571,P0166,E0002,IT Support Executive,165,157,44,41,85.9,4.3
A00572,P0166,E0134,Business Analyst,180,174,30,25,98.8,5.0
A00573,P0166,E0076,Business Analyst,58,50,28,24,86.4,4.2
A00574,P0166,E0140,Software Developer,174,189,22,21,91.0,4.7
A00575,P0167,E0057,Data Analyst,173,154,12,9,90.6,4.7
A00576,P0167,E0058,BI Analyst,169,203,18,16,81.0,4.0
A00577,P0167,E0025,Senior Data Analyst,146,142,42,40,92.2,4.8
A00578,P0168,E0117,Java Developer,63,37,30,29,86.5,4.5
A00579,P0168,E0023,Full Stack Developer,96,92,21,20,88.4,4.5
A00580,P0168,E0111,Data Analyst,209,154,29,24,89.7,4.6
A00581,P0168,E0064,Java Developer,124,117,31,26,92.2,4.6
A00582,P0168,E0057,Data Analyst,115,114,21,19,85.7,4.3
A00583,P0169,E0084,Data Analyst,183,159,8,6,87.2,4.6
A00584,P0169,E0087,Data Analyst,69,78,30,24,90.6,4.4
A00585,P0169,E0040,Senior Data Analyst,154,155,23,17,86.4,4.3
A00586,P0169,E0069,BI Analyst,204,145,23,21,83.4,4.2
A00587,P0169,E0058,BI Analyst,50,42,28,20,91.4,4.8
A00588,P0170,E0056,BI Analyst,69,67,32,25,83.3,4.2
A00589,P0170,E0069,BI Analyst,105,100,42,33,93.4,4.5
A00590,P0170,E0093,Senior Data Analyst,112,88,9,7,94.3,4.8
A00591,P0170,E0106,Project Manager,172,163,31,25,94.9,4.6
A00592,P0170,E0074,Project Manager,171,189,40,39,88.3,4.4
A00593,P0171,E0113,Full Stack Developer,164,199,10,8,90.4,4.4
A00594,P0171,E0088,Business Analyst,115,119,20,15,78.5,3.8
A00595,P0171,E0029,BI Analyst,122,106,40,35,88.4,4.3
A00596,P0171,E0058,BI Analyst,61,63,14,13,88.9,4.5
A00597,P0171,E0048,Full Stack Developer,82,107,42,41,92.8,4.9
A00598,P0172,E0127,Full Stack Developer,200,229,12,11,95.0,4.5
A00599,P0172,E0092,Software Tester,93,110,21,15,93.5,4.7
A00600,P0173,E0141,IT Support Executive,66,65,21,19,94.5,4.6
A00601,P0173,E0005,Java Developer,177,143,35,32,94.6,4.7
A00602,P0173,E0082,Python Developer,205,215,12,11,99.8,5.0
A00603,P0173,E0059,Business Analyst,215,249,17,13,99.7,4.8
A00604,P0173,E0106,Project Manager,46,44,37,28,94.1,4.6
A00605,P0174,E0040,Senior Data Analyst,49,49,13,10,88.0,4.6
A00606,P0174,E0024,Data Analyst,58,46,11,8,96.3,4.7
A00607,P0174,E0091,BI Analyst,85,84,24,23,84.7,4.1
A00608,P0174,E0058,BI Analyst,182,192,12,8,79.8,4.1
A00609,P0175,E0074,Project Manager,106,105,34,30,90.6,4.2
A00610,P0175,E0029,BI Analyst,139,153,36,31,100.0,5.0
A00611,P0175,E0119,Business Analyst,201,202,33,26,85.5,4.2
A00612,P0176,E0147,Business Analyst,120,124,9,8,95.0,4.6
A00613,P0176,E0104,QA Engineer,139,132,15,12,100.0,4.6
A00614,P0176,E0132,Software Tester,176,239,8,7,94.2,4.6
A00615,P0176,E0074,Project Manager,204,181,12,11,100.0,5.0
A00616,P0176,E0102,QA Engineer,189,250,10,7,82.7,4.1
A00617,P0177,E0026,Java Developer,131,131,40,29,92.5,4.5
A00618,P0177,E0019,Full Stack Developer,67,72,26,19,99.8,4.7
A00619,P0178,E0144,Software Developer,195,177,13,10,88.5,4.8
A00620,P0178,E0042,Technical Support Engineer,112,119,36,32,79.2,4.0
A00621,P0178,E0062,IT Support Executive,137,129,33,24,91.5,4.4
A00622,P0178,E0048,Full Stack Developer,209,205,9,7,85.7,4.3
A00623,P0179,E0060,QA Engineer,80,74,42,32,98.3,5.0
A00624,P0179,E0005,Java Developer,96,86,16,15,96.4,4.7
A00625,P0179,E0042,Technical Support Engineer,140,160,42,33,85.0,4.3
A00626,P0179,E0086,Automation Tester,115,116,17,12,99.3,4.8
A00627,P0179,E0046,IT Support Executive,116,141,31,26,91.6,4.4
A00628,P0180,E0004,QA Engineer,181,211,43,41,87.5,4.3
A00629,P0180,E0001,Software Developer,76,91,15,11,84.0,4.1
A00630,P0181,E0080,Technical Support Engineer,41,43,44,33,97.7,4.7
A00631,P0181,E0002,IT Support Executive,192,180,33,26,80.8,4.3
A00632,P0182,E0032,BI Analyst,118,117,21,17,88.2,4.2
A00633,P0182,E0005,Java Developer,128,108,21,15,89.7,4.5
A00634,P0183,E0141,IT Support Executive,205,191,40,37,95.1,4.7
A00635,P0183,E0124,Python Developer,76,83,18,14,90.8,4.8
A00636,P0183,E0113,Full Stack Developer,87,97,22,16,99.0,4.9
A00637,P0183,E0059,Business Analyst,197,207,24,23,95.1,4.6
A00638,P0183,E0012,Python Developer,89,78,15,12,83.1,4.2
A00639,P0184,E0046,IT Support Executive,211,251,44,32,88.3,4.6
A00640,P0184,E0031,Technical Support Engineer,53,57,43,42,77.1,3.8
A00641,P0184,E0067,Technical Support Engineer,158,175,43,39,100.0,5.0
A00642,P0185,E0140,Software Developer,114,90,12,11,81.4,4.0
A00643,P0185,E0018,Senior Data Analyst,104,103,14,10,83.9,4.4
A00644,P0186,E0089,Full Stack Developer,188,189,39,30,95.4,4.7
A00645,P0186,E0066,Python Developer,124,133,30,23,90.5,4.3
A00646,P0186,E0126,Java Developer,72,64,23,19,87.2,4.4
A00647,P0187,E0119,Business Analyst,112,125,12,9,85.3,4.4
A00648,P0187,E0129,Technical Support Engineer,89,91,28,24,89.5,4.4
A00649,P0188,E0089,Full Stack Developer,155,170,29,26,86.0,4.1
A00650,P0188,E0033,QA Engineer,197,186,27,20,92.9,4.6
A00651,P0188,E0039,Full Stack Developer,217,246,45,38,94.5,4.5
A00652,P0188,E0147,Business Analyst,79,74,44,42,100.0,4.8
A00653,P0188,E0036,QA Engineer,185,186,31,27,94.4,4.7
A00654,P0189,E0144,Software Developer,149,126,18,14,87.8,4.3
A00655,P0189,E0126,Java Developer,41,29,28,24,86.9,4.4
A00656,P0189,E0147,Business Analyst,103,89,22,19,87.0,4.5
A00657,P0189,E0076,Business Analyst,204,232,35,31,91.3,4.5
A00658,P0190,E0118,Software Tester,132,123,16,14,84.5,4.1
A00659,P0190,E0086,Automation Tester,213,245,29,26,91.7,4.7
A00660,P0190,E0082,Python Developer,162,145,37,36,98.9,4.8
A00661,P0190,E0041,Technical Support Engineer,154,141,30,24,95.5,4.8
A00662,P0191,E0025,Senior Data Analyst,164,139,43,40,89.1,4.3
A00663,P0191,E0024,Data Analyst,67,52,19,17,97.7,4.7
A00664,P0191,E0103,Full Stack Developer,205,209,13,10,91.6,4.4
A00665,P0191,E0090,Senior Data Analyst,111,97,16,13,74.0,3.7
A00666,P0192,E0140,Software Developer,107,90,12,9,83.1,4.2
A00667,P0192,E0023,Full Stack Developer,59,63,9,7,85.8,4.3
A00668,P0192,E0111,Data Analyst,169,197,9,7,91.6,4.7
A00669,P0193,E0018,Senior Data Analyst,191,163,21,18,87.0,4.2
A00670,P0193,E0058,BI Analyst,49,48,43,41,85.7,4.4
A00671,P0193,E0059,Business Analyst,106,112,42,41,80.7,3.9
A00672,P0193,E0040,Senior Data Analyst,178,152,38,35,91.3,4.4
A00673,P0193,E0069,BI Analyst,207,228,17,15,94.3,4.7
A00674,P0194,E0015,Java Developer,140,110,22,16,87.0,4.7
A00675,P0194,E0114,Java Developer,190,206,26,22,91.1,4.4
A00676,P0194,E0053,Software Tester,74,78,37,31,84.1,4.3
A00677,P0194,E0130,Full Stack Developer,168,178,40,36,93.2,4.9
A00678,P0195,E0083,IT Support Executive,141,161,31,26,88.3,4.4
A00679,P0195,E0053,Software Tester,168,173,8,7,90.9,4.5
A00680,P0196,E0119,Business Analyst,197,169,18,14,90.8,4.7
A00681,P0196,E0081,Data Analyst,171,175,16,12,90.9,4.4
A00682,P0196,E0025,Senior Data Analyst,154,161,18,14,83.0,4.1
A00683,P0197,E0098,Python Developer,184,153,44,40,87.2,4.6
A00684,P0197,E0123,Data Analyst,208,177,17,15,92.4,4.6
A00685,P0197,E0019,Full Stack Developer,163,173,30,27,83.3,3.9
A00686,P0198,E0088,Business Analyst,96,82,39,37,85.5,4.6
A00687,P0198,E0074,Project Manager,99,99,12,10,81.9,4.3
A00688,P0199,E0068,Technical Support Engineer,134,146,22,16,90.6,4.3
A00689,P0199,E0050,Technical Support Engineer,50,54,21,20,86.2,4.5
A00690,P0199,E0011,IT Support Executive,172,144,31,25,100.0,5.0
A00691,P0199,E0062,IT Support Executive,139,144,38,35,100.0,4.9
A00692,P0200,E0150,Technical Support Engineer,51,49,10,9,89.6,4.5
A00693,P0200,E0148,IT Support Executive,206,211,28,23,89.3,4.3
A00694,P0200,E0046,IT Support Executive,66,66,41,37,83.4,3.9
A00695,P0200,E0112,IT Support Executive,202,210,25,20,96.9,5.0
A00696,P0200,E0045,IT Support Executive,107,91,45,33,89.5,4.4
A00697,P0201,E0050,Technical Support Engineer,136,149,32,27,83.2,4.3
A00698,P0201,E0011,IT Support Executive,133,113,45,39,100.0,5.0
A00699,P0201,E0073,IT Support Executive,207,182,12,11,84.7,4.1
A00700,P0202,E0014,Java Developer,136,109,22,16,84.5,3.9
A00701,P0202,E0001,Software Developer,172,155,33,24,93.9,4.6
A00702,P0202,E0050,Technical Support Engineer,130,146,30,26,84.0,4.0
A00703,P0202,E0149,Software Tester,164,155,38,31,79.5,4.1
A00704,P0203,E0132,Software Tester,168,158,16,12,86.6,4.5
A00705,P0203,E0104,QA Engineer,152,134,18,13,79.5,4.0
A00706,P0204,E0117,Java Developer,59,68,40,29,90.4,4.7
A00707,P0204,E0048,Full Stack Developer,204,191,25,22,94.7,4.7
A00708,P0204,E0008,Data Analyst,94,82,17,16,70.0,3.5
A00709,P0205,E0023,Full Stack Developer,80,84,31,22,91.5,4.4
A00710,P0205,E0049,Software Developer,194,187,15,14,91.0,4.6
A00711,P0205,E0053,Software Tester,209,217,22,18,85.0,4.4
A00712,P0206,E0136,Business Analyst,124,139,15,12,98.6,4.9
A00713,P0206,E0001,Software Developer,163,181,38,32,90.7,4.3
A00714,P0206,E0125,Java Developer,162,150,21,18,93.8,4.8
A00715,P0206,E0050,Technical Support Engineer,191,172,18,15,97.9,5.0
A00716,P0206,E0014,Java Developer,205,151,34,30,95.5,4.7
A00717,P0207,E0134,Business Analyst,102,112,10,8,90.9,4.4
A00718,P0207,E0103,Full Stack Developer,72,90,44,32,97.2,5.0
A00719,P0208,E0042,Technical Support Engineer,74,76,40,38,87.4,4.1
A00720,P0208,E0150,Technical Support Engineer,50,43,44,36,84.6,4.5
A00721,P0208,E0131,IT Support Executive,77,64,11,10,84.2,4.1
A00722,P0209,E0129,Technical Support Engineer,106,112,19,17,95.1,4.7
A00723,P0209,E0105,IT Support Executive,172,159,33,32,87.5,4.5
A00724,P0209,E0046,IT Support Executive,193,188,44,36,82.8,4.1
A00725,P0210,E0088,Business Analyst,209,204,26,24,83.7,4.0
A00726,P0210,E0075,Software Developer,61,60,21,18,85.4,4.2
A00727,P0211,E0097,Technical Support Engineer,195,176,38,28,100.0,5.0
A00728,P0211,E0039,Full Stack Developer,163,164,18,13,95.2,4.6
A00729,P0211,E0150,Technical Support Engineer,96,97,34,26,90.1,4.4
A00730,P0211,E0053,Software Tester,193,191,17,16,84.9,4.2
A00731,P0211,E0102,QA Engineer,189,193,19,14,94.2,4.8
A00732,P0212,E0136,Business Analyst,82,87,29,22,82.1,4.4
A00733,P0212,E0023,Full Stack Developer,156,166,45,42,95.8,5.0
A00734,P0212,E0123,Data Analyst,57,57,22,19,93.0,4.7
A00735,P0212,E0065,Senior Data Analyst,136,150,32,29,86.2,4.1
A00736,P0213,E0088,Business Analyst,67,71,9,7,89.6,4.7
A00737,P0213,E0007,Data Analyst,91,80,41,38,98.8,5.0
A00738,P0213,E0059,Business Analyst,169,161,34,26,76.2,3.6
A00739,P0214,E0140,Software Developer,195,211,14,13,84.7,4.2
A00740,P0214,E0143,Automation Tester,85,103,38,35,98.1,5.0
A00741,P0214,E0126,Java Developer,197,214,10,9,87.3,4.2
A00742,P0215,E0149,Software Tester,63,70,38,31,95.1,4.7
A00743,P0215,E0026,Java Developer,208,194,16,12,72.0,3.4
A00744,P0216,E0110,Automation Tester,213,194,35,27,93.3,4.9
A00745,P0216,E0014,Java Developer,173,192,34,26,95.1,5.0
A00746,P0217,E0120,Automation Tester,51,54,41,34,97.9,4.8
A00747,P0217,E0066,Python Developer,149,162,22,20,87.3,4.6
A00748,P0217,E0110,Automation Tester,163,162,32,28,91.0,4.7
A00749,P0217,E0033,QA Engineer,129,141,45,33,94.5,4.8
A00750,P0218,E0027,QA Engineer,148,150,16,11,82.8,4.2
A00751,P0218,E0144,Software Developer,105,80,38,37,86.2,4.3
A00752,P0219,E0019,Full Stack Developer,61,54,26,19,89.8,4.5
A00753,P0219,E0009,Full Stack Developer,193,211,42,33,94.5,4.5
A00754,P0219,E0020,Python Developer,144,121,24,17,77.5,3.8
A00755,P0220,E0120,Automation Tester,41,35,8,6,91.4,4.5
A00756,P0220,E0017,Business Analyst,187,224,41,39,96.3,4.9
A00757,P0220,E0019,Full Stack Developer,70,75,41,40,90.2,4.5
A00758,P0221,E0134,Business Analyst,136,158,21,18,85.4,4.3
A00759,P0221,E0053,Software Tester,216,210,28,26,85.5,4.2
A00760,P0222,E0026,Java Developer,132,132,14,12,83.5,4.6
A00761,P0222,E0009,Full Stack Developer,79,84,35,25,96.1,5.0
A00762,P0222,E0106,Project Manager,206,210,45,39,84.1,4.1
A00763,P0222,E0020,Python Developer,104,107,24,21,90.3,4.2
A00764,P0222,E0098,Python Developer,177,192,35,26,95.9,4.9
A00765,P0223,E0115,Data Analyst,196,197,25,20,82.0,3.9
A00766,P0223,E0116,BI Analyst,214,184,33,29,85.4,4.2
A00767,P0223,E0088,Business Analyst,92,98,34,26,93.0,4.8
A00768,P0223,E0087,Data Analyst,181,183,43,38,83.1,4.5
A00769,P0224,E0006,Technical Support Engineer,85,79,31,25,94.7,4.9
A00770,P0224,E0106,Project Manager,183,190,43,37,91.9,4.6
A00771,P0224,E0150,Technical Support Engineer,163,192,24,23,87.2,4.3
A00772,P0224,E0074,Project Manager,118,147,44,34,83.5,4.4
A00773,P0224,E0050,Technical Support Engineer,128,131,33,26,79.1,4.1
A00774,P0225,E0019,Full Stack Developer,208,190,15,11,100.0,4.9
A00775,P0225,E0076,Business Analyst,98,106,36,27,98.2,4.7
A00776,P0225,E0048,Full Stack Developer,219,201,18,13,86.6,3.9
A00777,P0226,E0099,IT Support Executive,94,82,40,31,73.9,3.7
A00778,P0226,E0001,Software Developer,142,157,29,24,86.3,4.2
A00779,P0227,E0004,QA Engineer,81,86,32,28,89.9,4.4
A00780,P0227,E0149,Software Tester,202,207,8,6,88.5,4.4
A00781,P0228,E0009,Full Stack Developer,77,77,38,29,88.8,4.3
A00782,P0228,E0129,Technical Support Engineer,193,153,35,32,97.5,5.0
A00783,P0229,E0001,Software Developer,56,63,24,20,89.2,4.6
A00784,P0229,E0102,QA Engineer,96,106,31,23,92.7,4.7
A00785,P0230,E0118,Software Tester,195,186,10,8,91.5,4.6
A00786,P0230,E0049,Software Developer,138,140,33,29,85.4,4.3
A00787,P0231,E0144,Software Developer,192,133,11,9,100.0,4.9
A00788,P0231,E0017,Business Analyst,84,65,39,37,100.0,5.0
A00789,P0231,E0126,Java Developer,152,167,8,5,89.2,4.4
A00790,P0231,E0065,Senior Data Analyst,91,91,41,35,90.7,4.6
A00791,P0232,E0083,IT Support Executive,89,75,10,7,83.9,4.2
A00792,P0232,E0098,Python Developer,193,180,40,29,87.1,4.3
A00793,P0232,E0100,Automation Tester,172,213,22,20,96.3,4.7
A00794,P0232,E0092,Software Tester,197,178,18,14,80.0,4.2
A00795,P0233,E0064,Java Developer,132,135,23,20,90.2,4.7
A00796,P0233,E0076,Business Analyst,207,185,8,6,96.3,4.7
A00797,P0234,E0149,Software Tester,62,59,25,22,90.1,4.3
A00798,P0234,E0020,Python Developer,142,128,30,24,88.3,4.2
A00799,P0234,E0009,Full Stack Developer,211,179,33,31,98.0,5.0
A00800,P0235,E0049,Software Developer,190,171,20,17,90.8,4.4
A00801,P0235,E0026,Java Developer,172,186,8,6,79.9,4.2
A00802,P0235,E0124,Python Developer,220,194,12,11,88.0,4.5
A00803,P0235,E0099,IT Support Executive,63,69,43,31,97.9,4.7
A00804,P0235,E0136,Business Analyst,112,132,43,36,88.5,4.5
A00805,P0236,E0089,Full Stack Developer,128,113,25,23,85.7,4.2
A00806,P0236,E0026,Java Developer,97,100,20,19,85.7,4.1
A00807,P0236,E0030,Software Developer,156,171,33,25,85.6,4.3
A00808,P0236,E0088,Business Analyst,187,224,8,7,84.0,4.0
A00809,P0237,E0102,QA Engineer,84,80,34,27,91.1,4.6
A00810,P0237,E0106,Project Manager,169,156,14,12,85.6,4.2
A00811,P0237,E0118,Software Tester,183,167,12,11,80.0,4.1
A00812,P0237,E0124,Python Developer,168,173,26,24,92.9,4.7
A00813,P0238,E0147,Business Analyst,69,82,40,34,92.0,4.9
A00814,P0238,E0076,Business Analyst,105,97,42,32,88.4,4.3
A00815,P0238,E0032,BI Analyst,187,207,24,18,95.3,4.5
A00816,P0238,E0043,BI Analyst,217,194,36,30,99.2,4.9
A00817,P0239,E0076,Business Analyst,184,183,38,34,82.7,4.0
A00818,P0239,E0001,Software Developer,102,108,29,27,97.6,5.0
A00819,P0239,E0136,Business Analyst,157,184,37,36,94.2,4.3
A00820,P0239,E0130,Full Stack Developer,190,192,9,8,83.7,4.2
A00821,P0239,E0117,Java Developer,163,168,15,14,97.0,4.8
A00822,P0240,E0141,IT Support Executive,57,62,32,27,85.0,4.4
A00823,P0240,E0006,Technical Support Engineer,202,212,22,19,97.0,4.7
A00824,P0240,E0059,Business Analyst,213,226,22,16,88.1,4.4
A00825,P0240,E0050,Technical Support Engineer,120,112,34,33,87.6,4.2
A00826,P0241,E0094,QA Engineer,172,177,42,37,91.9,4.8
A00827,P0241,E0140,Software Developer,42,36,24,22,98.1,5.0
A00828,P0241,E0125,Java Developer,103,108,26,20,99.3,4.8
A00829,P0241,E0134,Business Analyst,63,68,33,30,93.0,4.7
A00830,P0242,E0121,BI Analyst,59,61,43,41,95.2,4.5
A00831,P0242,E0114,Java Developer,85,87,38,36,95.4,4.8
A00832,P0242,E0115,Data Analyst,120,118,30,29,87.1,4.6
A00833,P0242,E0020,Python Developer,95,104,44,42,93.6,4.9
A00834,P0243,E0074,Project Manager,86,76,20,18,97.9,4.8
A00835,P0243,E0106,Project Manager,167,129,20,17,78.9,4.0
A00836,P0243,E0076,Business Analyst,100,114,23,20,98.2,4.9
A00837,P0243,E0036,QA Engineer,107,94,21,17,94.9,4.7
A00838,P0244,E0001,Software Developer,91,91,23,16,83.3,4.1
A00839,P0244,E0100,Automation Tester,198,217,30,28,96.1,4.9
A00840,P0244,E0067,Technical Support Engineer,79,68,14,11,85.6,4.3
A00841,P0245,E0019,Full Stack Developer,60,60,39,28,87.4,4.2
A00842,P0245,E0130,Full Stack Developer,197,201,8,7,95.4,5.0
A00843,P0246,E0015,Java Developer,163,140,31,27,99.5,5.0
A00844,P0246,E0103,Full Stack Developer,198,211,28,27,87.1,4.2
A00845,P0247,E0082,Python Developer,187,193,25,24,93.8,4.7
A00846,P0247,E0074,Project Manager,165,218,19,16,100.0,4.9
A00847,P0247,E0059,Business Analyst,170,140,25,21,91.0,4.6
A00848,P0247,E0073,IT Support Executive,141,140,22,21,92.3,4.9
A00849,P0247,E0068,Technical Support Engineer,187,209,16,14,97.1,4.7
A00850,P0248,E0125,Java Developer,174,138,35,31,91.9,4.7
A00851,P0248,E0088,Business Analyst,162,123,42,32,99.0,4.9
A00852,P0249,E0075,Software Developer,168,173,30,27,100.0,5.0
A00853,P0249,E0127,Full Stack Developer,140,132,19,14,88.7,4.4
A00854,P0250,E0059,Business Analyst,70,64,41,33,83.2,4.2
A00855,P0250,E0064,Java Developer,157,160,28,27,88.0,4.4
A00856,P0250,E0083,IT Support Executive,216,216,8,5,88.2,4.3
A00857,P0250,E0119,Business Analyst,43,41,21,20,95.1,4.8
A00858,P0250,E0112,IT Support Executive,137,174,45,39,91.0,4.7
A00859,P0251,E0041,Technical Support Engineer,123,122,31,25,85.6,4.4
A00860,P0251,E0011,IT Support Executive,196,224,24,22,84.5,4.5
A00861,P0252,E0125,Java Developer,180,184,24,20,83.4,4.2
A00862,P0252,E0074,Project Manager,100,104,25,23,87.0,4.4
A00863,P0252,E0130,Full Stack Developer,160,168,29,23,76.2,3.5
A00864,P0253,E0065,Senior Data Analyst,87,79,39,35,95.9,4.8
A00865,P0253,E0023,Full Stack Developer,148,141,21,16,83.8,4.2
A00866,P0253,E0082,Python Developer,147,166,31,26,93.4,4.8
A00867,P0253,E0076,Business Analyst,133,134,33,29,86.3,4.1
A00868,P0254,E0059,Business Analyst,155,130,19,18,100.0,5.0
A00869,P0254,E0125,Java Developer,186,218,16,11,89.1,4.6
A00870,P0254,E0011,IT Support Executive,187,186,22,20,94.6,4.7
A00871,P0254,E0017,Business Analyst,65,63,25,20,85.0,4.2
A00872,P0255,E0126,Java Developer,182,168,35,30,95.5,4.6
A00873,P0255,E0106,Project Manager,137,172,20,15,90.7,4.7
A00874,P0255,E0043,BI Analyst,77,84,17,16,98.2,4.6
A00875,P0256,E0118,Software Tester,42,35,19,16,89.7,4.5
A00876,P0256,E0098,Python Developer,147,133,39,28,76.1,3.5
A00877,P0256,E0036,QA Engineer,74,79,41,30,89.2,4.5
A00878,P0256,E0120,Automation Tester,176,157,28,20,88.7,4.5
A00879,P0256,E0028,Data Analyst,164,135,27,21,72.9,3.6
A00880,P0257,E0014,Java Developer,183,161,44,36,82.8,4.0
A00881,P0257,E0077,Automation Tester,52,50,33,30,95.3,4.7
A00882,P0257,E0136,Business Analyst,65,46,18,15,92.7,4.8
A00883,P0257,E0082,Python Developer,55,45,21,15,81.3,4.2
A00884,P0258,E0092,Software Tester,161,169,14,13,94.3,4.7
A00885,P0258,E0027,QA Engineer,155,152,29,24,97.3,4.9
A00886,P0258,E0104,QA Engineer,106,101,31,29,77.1,3.8
A00887,P0258,E0026,Java Developer,132,121,43,38,93.7,4.7
A00888,P0259,E0039,Full Stack Developer,128,140,9,8,93.8,4.4
A00889,P0259,E0097,Technical Support Engineer,145,126,15,11,86.7,4.2
A00890,P0259,E0045,IT Support Executive,129,123,20,15,88.7,4.4
A00891,P0259,E0080,Technical Support Engineer,187,166,44,37,87.6,4.3
A00892,P0260,E0070,Automation Tester,112,110,30,29,84.8,4.4
A00893,P0260,E0132,Software Tester,123,121,40,32,94.4,4.7
A00894,P0260,E0082,Python Developer,164,191,36,28,87.9,4.4
A00895,P0261,E0114,Java Developer,137,146,26,20,90.8,4.9
A00896,P0261,E0012,Python Developer,158,169,17,12,79.3,4.1
A00897,P0262,E0040,Senior Data Analyst,203,226,29,21,93.6,4.9
A00898,P0262,E0120,Automation Tester,147,191,44,40,89.3,4.5
A00899,P0262,E0028,Data Analyst,143,150,12,10,85.9,4.2
A00900,P0263,E0075,Software Developer,81,102,29,22,85.1,4.4
A00901,P0263,E0019,Full Stack Developer,98,79,28,27,96.5,4.9
A00902,P0264,E0091,BI Analyst,207,220,26,22,94.5,4.7
A00903,P0264,E0093,Senior Data Analyst,108,102,33,25,96.5,4.8
A00904,P0264,E0123,Data Analyst,109,99,36,35,94.7,4.7
A00905,P0264,E0065,Senior Data Analyst,132,146,45,39,91.6,4.7
A00906,P0265,E0001,Software Developer,145,127,18,16,85.7,4.3
A00907,P0265,E0036,QA Engineer,87,97,9,7,90.2,4.7
A00908,P0265,E0144,Software Developer,72,84,23,21,80.3,4.1
A00909,P0265,E0124,Python Developer,209,213,24,21,91.3,4.7
A00910,P0265,E0074,Project Manager,219,229,13,9,77.9,4.0
A00911,P0266,E0148,IT Support Executive,82,74,33,28,87.1,4.5
A00912,P0266,E0041,Technical Support Engineer,66,63,14,12,90.7,4.4
A00913,P0266,E0119,Business Analyst,56,65,38,29,97.5,4.9
A00914,P0267,E0039,Full Stack Developer,46,44,33,32,81.9,4.0
A00915,P0267,E0119,Business Analyst,174,181,13,12,89.3,4.5
A00916,P0268,E0045,IT Support Executive,107,98,17,12,99.1,5.0
A00917,P0268,E0080,Technical Support Engineer,61,58,32,30,89.5,4.5
A00918,P0269,E0113,Full Stack Developer,98,107,23,22,90.1,4.5
A00919,P0269,E0129,Technical Support Engineer,112,115,36,32,98.6,5.0
A00920,P0269,E0066,Python Developer,200,203,16,13,83.0,4.3
A00921,P0269,E0059,Business Analyst,73,49,41,30,86.6,4.3
A00922,P0270,E0030,Software Developer,47,32,10,8,100.0,5.0
A00923,P0270,E0042,Technical Support Engineer,209,222,30,28,93.0,4.5
A00924,P0270,E0103,Full Stack Developer,123,124,38,29,91.8,4.6
A00925,P0271,E0114,Java Developer,178,181,25,22,100.0,5.0
A00926,P0271,E0120,Automation Tester,180,153,36,29,81.6,4.0
A00927,P0271,E0064,Java Developer,74,78,42,30,93.7,4.7
A00928,P0271,E0005,Java Developer,85,98,45,40,93.1,4.9
A00929,P0271,E0134,Business Analyst,192,191,37,35,85.9,4.1
A00930,P0272,E0132,Software Tester,174,195,42,40,90.9,4.5
A00931,P0272,E0105,IT Support Executive,119,106,30,28,97.2,4.7
A00932,P0272,E0143,Automation Tester,163,112,42,39,94.0,4.8
A00933,P0272,E0150,Technical Support Engineer,98,105,13,11,95.2,4.9
A00934,P0272,E0118,Software Tester,153,155,27,26,81.9,4.2
A00935,P0273,E0066,Python Developer,145,188,24,20,87.3,4.5
A00936,P0273,E0134,Business Analyst,79,71,27,26,94.6,4.8
A00937,P0273,E0076,Business Analyst,42,42,8,6,74.6,3.5
A00938,P0273,E0083,IT Support Executive,173,181,16,13,77.7,3.9
A00939,P0274,E0136,Business Analyst,113,108,38,35,90.0,4.4
A00940,P0274,E0113,Full Stack Developer,176,169,8,7,91.3,4.5
A00941,P0274,E0127,Full Stack Developer,216,202,39,34,93.2,4.5
A00942,P0274,E0103,Full Stack Developer,162,142,27,26,89.8,4.6
A00943,P0275,E0042,Technical Support Engineer,150,185,26,20,90.2,4.7
A00944,P0275,E0011,IT Support Executive,192,157,22,21,95.5,4.9
A00945,P0276,E0017,Business Analyst,180,145,31,23,89.1,4.5
A00946,P0276,E0026,Java Developer,88,95,34,25,86.5,4.3
A00947,P0277,E0103,Full Stack Developer,141,115,23,16,83.5,4.1
A00948,P0277,E0108,Software Tester,81,85,32,29,100.0,4.9
A00949,P0277,E0107,Senior Data Analyst,136,133,22,17,94.7,4.9
A00950,P0277,E0100,Automation Tester,107,114,13,11,81.5,4.4
A00951,P0277,E0019,Full Stack Developer,148,191,23,18,88.3,4.3
A00952,P0278,E0134,Business Analyst,112,129,42,36,84.3,4.3
A00953,P0278,E0069,BI Analyst,108,102,34,32,98.9,4.7
A00954,P0278,E0107,Senior Data Analyst,88,97,12,9,83.4,4.1
A00955,P0278,E0059,Business Analyst,86,91,16,11,85.1,4.2
A00956,P0279,E0020,Python Developer,68,69,37,27,95.1,4.6
A00957,P0279,E0070,Automation Tester,198,203,36,26,91.7,4.5
A00958,P0279,E0001,Software Developer,109,116,39,30,98.6,4.8
A00959,P0279,E0150,Technical Support Engineer,88,104,28,24,89.4,4.6
A00960,P0280,E0116,BI Analyst,78,90,11,9,79.1,4.0
A00961,P0280,E0092,Software Tester,176,151,9,7,92.2,4.7
A00962,P0281,E0028,Data Analyst,66,55,26,20,96.5,4.8
A00963,P0281,E0009,Full Stack Developer,108,109,16,13,80.4,4.1
A00964,P0281,E0110,Automation Tester,152,159,8,7,87.5,4.3
A00965,P0282,E0098,Python Developer,63,74,17,13,93.6,5.0
A00966,P0282,E0030,Software Developer,43,48,39,35,85.1,4.1
A00967,P0282,E0040,Senior Data Analyst,95,81,29,23,92.2,4.5
A00968,P0283,E0125,Java Developer,119,114,39,31,88.1,4.4
A00969,P0283,E0002,IT Support Executive,135,132,37,32,94.4,4.7
A00970,P0283,E0004,QA Engineer,218,206,10,8,86.0,4.2
A00971,P0283,E0031,Technical Support Engineer,124,134,13,12,100.0,4.9
A00972,P0283,E0148,IT Support Executive,77,70,11,10,87.1,4.4
A00973,P0284,E0124,Python Developer,140,134,12,10,86.3,4.4
A00974,P0284,E0113,Full Stack Developer,179,231,38,29,88.0,4.3
A00975,P0284,E0092,Software Tester,86,96,20,15,77.5,4.1
A00976,P0284,E0125,Java Developer,104,76,32,25,88.4,4.5
A00977,P0285,E0068,Technical Support Engineer,71,56,23,20,91.1,4.4
A00978,P0285,E0136,Business Analyst,138,146,36,34,91.1,4.6
A00979,P0286,E0120,Automation Tester,48,39,20,19,86.7,4.3
A00980,P0286,E0077,Automation Tester,157,182,14,12,89.1,4.6
A00981,P0286,E0143,Automation Tester,173,172,21,15,95.3,4.9
A00982,P0287,E0094,QA Engineer,139,146,27,20,97.1,4.9
A00983,P0287,E0059,Business Analyst,122,135,18,16,94.0,4.6
A00984,P0287,E0110,Automation Tester,201,146,10,8,97.8,5.0
A00985,P0287,E0020,Python Developer,180,203,41,33,96.6,4.5
A00986,P0287,E0104,QA Engineer,71,72,24,19,91.5,4.6
A00987,P0288,E0031,Technical Support Engineer,203,152,27,20,88.3,4.4
A00988,P0288,E0136,Business Analyst,90,85,31,23,84.2,4.0
A00989,P0288,E0119,Business Analyst,53,57,21,17,100.0,4.9
A00990,P0288,E0080,Technical Support Engineer,68,73,23,18,100.0,5.0
A00991,P0288,E0001,Software Developer,202,197,35,25,95.3,4.8
A00992,P0289,E0088,Business Analyst,43,41,18,16,94.3,4.8
A00993,P0289,E0076,Business Analyst,110,113,45,36,96.7,4.8
A00994,P0289,E0055,IT Support Executive,70,65,33,31,98.1,4.8
A00995,P0289,E0067,Technical Support Engineer,102,90,8,6,96.8,4.4
A00996,P0290,E0069,BI Analyst,188,181,38,27,96.4,5.0
A00997,P0290,E0076,Business Analyst,216,235,17,13,91.5,4.6
A00998,P0291,E0070,Automation Tester,62,58,23,21,96.5,5.0
A00999,P0291,E0118,Software Tester,80,64,39,35,92.1,4.2
A01000,P0291,E0086,Automation Tester,63,61,29,20,100.0,5.0
A01001,P0291,E0092,Software Tester,200,212,11,8,80.6,4.0
A01002,P0292,E0057,Data Analyst,131,116,17,14,89.6,4.5
A01003,P0292,E0144,Software Developer,219,204,42,39,100.0,5.0
A01004,P0293,E0119,Business Analyst,72,68,39,38,83.6,4.3
A01005,P0293,E0134,Business Analyst,99,98,28,22,89.8,4.3
A01006,P0294,E0149,Software Tester,152,128,20,16,79.2,3.9
A01007,P0294,E0086,Automation Tester,45,36,32,29,95.0,4.9
A01008,P0294,E0005,Java Developer,131,151,16,11,86.2,4.5
A01009,P0294,E0098,Python Developer,104,102,10,8,100.0,4.9
A01010,P0295,E0018,Senior Data Analyst,220,224,36,27,100.0,5.0
A01011,P0295,E0043,BI Analyst,183,143,26,23,98.4,5.0
A01012,P0295,E0111,Data Analyst,178,213,39,29,86.9,4.3
A01013,P0295,E0008,Data Analyst,88,84,44,42,88.9,4.2
A01014,P0295,E0084,Data Analyst,87,88,42,32,94.7,4.8
A01015,P0296,E0017,Business Analyst,122,118,37,26,84.5,4.2
A01016,P0296,E0131,IT Support Executive,110,96,43,34,87.3,4.3
A01017,P0296,E0136,Business Analyst,81,84,12,10,86.6,4.1
A01018,P0296,E0134,Business Analyst,175,180,17,16,92.2,4.5
A01019,P0297,E0104,QA Engineer,115,124,24,21,94.2,4.7
A01020,P0297,E0130,Full Stack Developer,178,199,31,24,75.8,3.7
A01021,P0297,E0005,Java Developer,156,153,8,7,83.3,4.2
A01022,P0297,E0080,Technical Support Engineer,203,195,40,32,84.8,4.2
A01023,P0297,E0108,Software Tester,137,107,19,18,95.0,5.0
A01024,P0298,E0066,Python Developer,198,213,31,24,100.0,4.9
A01025,P0298,E0136,Business Analyst,198,164,23,19,88.8,4.6
A01026,P0299,E0130,Full Stack Developer,56,58,42,34,93.7,4.6
A01027,P0299,E0094,QA Engineer,139,156,20,15,90.9,4.5
A01028,P0299,E0074,Project Manager,174,187,39,33,95.0,4.9
A01029,P0299,E0015,Java Developer,181,171,17,14,89.7,4.7
A01030,P0300,E0140,Software Developer,122,110,34,33,79.1,3.7
A01031,P0300,E0076,Business Analyst,204,204,28,23,100.0,4.9
A01032,P0300,E0070,Automation Tester,68,67,14,12,87.2,4.5
A01033,P0300,E0134,Business Analyst,173,139,12,9,91.6,4.5
A01034,P0301,E0082,Python Developer,73,67,19,16,93.7,4.6
A01035,P0301,E0092,Software Tester,48,50,20,15,87.8,4.3
A01036,P0302,E0136,Business Analyst,164,183,20,15,86.2,4.1
A01037,P0302,E0066,Python Developer,65,68,10,8,94.1,4.6
A01038,P0303,E0124,Python Developer,208,223,39,36,88.6,4.2
A01039,P0303,E0036,QA Engineer,174,190,45,41,88.3,4.5
A01040,P0303,E0132,Software Tester,105,94,11,8,99.3,4.9
A01041,P0303,E0106,Project Manager,133,141,22,17,94.2,4.8
A01042,P0303,E0066,Python Developer,195,179,12,9,98.8,4.8
A01043,P0304,E0023,Full Stack Developer,93,86,39,30,85.4,4.4
A01044,P0304,E0001,Software Developer,60,47,37,31,87.3,4.3
A01045,P0305,E0149,Software Tester,132,137,43,37,85.3,4.1
A01046,P0305,E0070,Automation Tester,146,139,31,24,83.9,4.1
A01047,P0306,E0053,Software Tester,197,178,25,22,95.0,5.0
A01048,P0306,E0127,Full Stack Developer,175,169,10,9,87.8,4.7
A01049,P0307,E0025,Senior Data Analyst,117,117,12,8,76.6,4.1
A01050,P0307,E0084,Data Analyst,95,69,41,40,83.5,4.3
A01051,P0308,E0090,Senior Data Analyst,65,62,22,18,88.0,4.4
A01052,P0308,E0106,Project Manager,176,179,32,24,98.4,4.8
A01053,P0309,E0093,Senior Data Analyst,89,88,41,37,96.5,5.0
A01054,P0309,E0065,Senior Data Analyst,208,190,23,21,91.6,4.7
A01055,P0309,E0119,Business Analyst,185,210,19,16,93.2,4.9
A01056,P0310,E0124,Python Developer,67,61,44,42,83.3,4.3
A01057,P0310,E0006,Technical Support Engineer,131,95,37,33,82.1,4.0
A01058,P0310,E0131,IT Support Executive,219,179,35,27,89.2,4.4
A01059,P0310,E0082,Python Developer,66,63,18,14,90.6,4.6
A01060,P0310,E0030,Software Developer,86,73,43,35,92.8,4.8
A01061,P0311,E0088,Business Analyst,169,171,29,28,87.5,4.4
A01062,P0311,E0105,IT Support Executive,208,221,18,15,82.4,4.2
A01063,P0311,E0129,Technical Support Engineer,176,176,36,30,92.0,4.7
A01064,P0311,E0059,Business Analyst,130,135,28,24,86.7,4.2
A01065,P0311,E0122,Technical Support Engineer,180,159,28,24,92.4,4.6
A01066,P0312,E0059,Business Analyst,145,132,35,33,90.4,4.6
A01067,P0312,E0026,Java Developer,122,109,23,19,98.5,4.8
A01068,P0312,E0088,Business Analyst,184,223,42,36,90.0,4.7
A01069,P0312,E0069,BI Analyst,94,99,32,28,97.7,5.0
A01070,P0313,E0056,BI Analyst,132,159,36,30,88.6,4.4
A01071,P0313,E0065,Senior Data Analyst,154,148,33,29,83.7,4.3
A01072,P0313,E0074,Project Manager,40,39,10,8,98.7,4.7
A01073,P0313,E0115,Data Analyst,112,117,9,7,100.0,5.0
A01074,P0314,E0045,IT Support Executive,117,139,8,6,75.2,3.9
A01075,P0314,E0122,Technical Support Engineer,116,122,22,18,77.3,3.8
A01076,P0314,E0011,IT Support Executive,94,105,28,25,86.3,4.4
A01077,P0315,E0064,Java Developer,216,222,25,22,87.1,4.4
A01078,P0315,E0102,QA Engineer,181,185,40,28,87.8,4.3
A01079,P0316,E0131,IT Support Executive,64,67,10,9,93.2,4.7
A01080,P0316,E0001,Software Developer,157,172,30,23,91.3,4.8
A01081,P0316,E0144,Software Developer,79,100,16,15,87.5,4.3
A01082,P0317,E0149,Software Tester,133,144,45,36,100.0,4.8
A01083,P0317,E0104,QA Engineer,103,124,22,16,85.4,4.3
A01084,P0317,E0110,Automation Tester,105,111,27,24,87.1,4.2
A01085,P0317,E0077,Automation Tester,63,76,44,36,96.6,5.0
A01086,P0318,E0030,Software Developer,185,211,21,17,87.6,4.3
A01087,P0318,E0017,Business Analyst,59,61,28,26,93.6,4.7
A01088,P0318,E0087,Data Analyst,163,189,19,17,87.5,4.4
A01089,P0318,E0107,Senior Data Analyst,164,138,44,40,89.7,4.3
A01090,P0318,E0147,Business Analyst,64,71,27,19,89.7,4.6
A01091,P0319,E0011,IT Support Executive,187,218,32,26,86.0,4.1
A01092,P0319,E0048,Full Stack Developer,60,65,11,9,91.8,4.5
A01093,P0320,E0104,QA Engineer,129,135,35,32,87.6,4.6
A01094,P0320,E0130,Full Stack Developer,146,144,15,11,100.0,5.0
A01095,P0320,E0092,Software Tester,98,95,8,7,80.0,3.9
A01096,P0320,E0094,QA Engineer,202,238,32,28,82.3,4.4
A01097,P0321,E0062,IT Support Executive,118,123,41,37,87.7,4.2
A01098,P0321,E0136,Business Analyst,50,50,28,27,85.9,4.3
A01099,P0322,E0127,Full Stack Developer,123,117,40,37,76.8,3.7
A01100,P0322,E0025,Senior Data Analyst,218,189,22,15,95.4,4.7
A01101,P0322,E0018,Senior Data Analyst,79,73,11,8,88.3,4.1
A01102,P0323,E0017,Business Analyst,154,140,44,33,86.4,4.3
A01103,P0323,E0032,BI Analyst,169,168,13,10,87.2,4.4
A01104,P0323,E0090,Senior Data Analyst,96,75,35,33,88.6,4.4
A01105,P0323,E0028,Data Analyst,114,95,33,29,97.7,4.9
A01106,P0323,E0069,BI Analyst,77,71,16,15,82.1,3.7
A01107,P0324,E0113,Full Stack Developer,61,66,38,33,83.2,4.1
A01108,P0324,E0140,Software Developer,186,172,11,9,84.0,4.1
A01109,P0324,E0084,Data Analyst,180,164,33,26,88.9,4.3
A01110,P0324,E0023,Full Stack Developer,107,113,13,9,87.1,4.4
A01111,P0325,E0027,QA Engineer,168,189,35,30,88.5,4.2
A01112,P0325,E0041,Technical Support Engineer,218,259,16,12,86.0,4.2
A01113,P0325,E0067,Technical Support Engineer,74,82,38,32,93.6,4.9
A01114,P0325,E0039,Full Stack Developer,183,162,20,16,80.7,3.8
A01115,P0325,E0125,Java Developer,164,182,33,30,83.4,4.2
A01116,P0326,E0030,Software Developer,183,220,41,36,87.4,4.6
A01117,P0326,E0140,Software Developer,103,92,23,20,98.8,5.0
A01118,P0326,E0086,Automation Tester,58,51,25,24,99.3,4.8
A01119,P0327,E0124,Python Developer,122,116,44,40,93.9,4.8
A01120,P0327,E0009,Full Stack Developer,62,69,15,11,87.9,4.7
A01121,P0327,E0127,Full Stack Developer,211,227,34,29,85.0,4.1
A01122,P0327,E0083,IT Support Executive,148,144,31,22,87.6,4.5
A01123,P0327,E0042,Technical Support Engineer,129,133,20,17,87.8,4.7
A01124,P0328,E0075,Software Developer,128,111,9,8,85.8,4.3
A01125,P0328,E0127,Full Stack Developer,118,115,18,13,79.4,3.9
A01126,P0328,E0058,BI Analyst,129,143,36,29,96.4,4.6
A01127,P0328,E0065,Senior Data Analyst,199,191,17,15,84.0,4.2
A01128,P0329,E0077,Automation Tester,51,52,22,21,86.6,4.4
A01129,P0329,E0082,Python Developer,91,101,31,30,89.3,4.3
A01130,P0329,E0020,Python Developer,79,61,13,9,85.1,4.3
A01131,P0329,E0149,Software Tester,68,70,11,9,88.1,4.3
A01132,P0329,E0130,Full Stack Developer,102,104,17,15,94.1,4.7
A01133,P0330,E0148,IT Support Executive,43,47,29,26,86.6,4.3
A01134,P0330,E0150,Technical Support Engineer,217,215,15,14,80.6,4.2
A01135,P0330,E0023,Full Stack Developer,118,90,36,34,92.7,4.6
A01136,P0330,E0001,Software Developer,160,147,9,8,93.4,4.9
A01137,P0331,E0108,Software Tester,93,90,42,36,100.0,5.0
A01138,P0331,E0001,Software Developer,94,95,21,17,89.5,4.3
A01139,P0331,E0115,Data Analyst,179,152,41,33,80.8,3.9
A01140,P0331,E0117,Java Developer,106,106,43,39,81.5,4.1
A01141,P0332,E0013,Data Analyst,199,216,17,12,94.7,4.5
A01142,P0332,E0076,Business Analyst,217,219,9,7,91.5,4.7
A01143,P0332,E0064,Java Developer,136,160,45,37,81.1,4.0
A01144,P0332,E0014,Java Developer,209,186,41,35,85.7,4.3
A01145,P0332,E0119,Business Analyst,51,53,24,22,78.5,3.8
A01146,P0333,E0068,Technical Support Engineer,55,65,26,24,91.2,4.6
A01147,P0333,E0122,Technical Support Engineer,91,92,25,24,96.0,5.0
A01148,P0333,E0134,Business Analyst,53,51,37,26,86.9,4.3
A01149,P0334,E0030,Software Developer,57,49,32,26,95.7,4.7
A01150,P0334,E0106,Project Manager,209,182,25,20,87.5,4.3
A01151,P0335,E0029,BI Analyst,67,67,9,7,85.5,4.1
A01152,P0335,E0087,Data Analyst,114,120,32,25,87.9,4.4
A01153,P0335,E0107,Senior Data Analyst,99,103,32,23,93.4,4.6
A01154,P0335,E0121,BI Analyst,170,198,14,10,96.0,4.8
A01155,P0336,E0076,Business Analyst,164,178,42,41,94.0,4.9
A01156,P0336,E0150,Technical Support Engineer,62,61,19,13,78.7,3.9
A01157,P0336,E0046,IT Support Executive,90,75,40,38,100.0,4.9
A01158,P0336,E0082,Python Developer,157,149,43,39,94.5,4.7
A01159,P0337,E0007,Data Analyst,50,52,23,19,95.3,4.7
A01160,P0337,E0024,Data Analyst,175,179,27,20,99.1,4.9
A01161,P0338,E0029,BI Analyst,165,168,33,31,93.2,4.7
A01162,P0338,E0028,Data Analyst,80,66,9,7,90.9,4.5
A01163,P0338,E0090,Senior Data Analyst,128,130,30,29,88.4,4.6
A01164,P0338,E0058,BI Analyst,130,165,27,24,95.3,4.9
A01165,P0339,E0017,Business Analyst,168,171,25,18,79.0,3.9
A01166,P0339,E0046,IT Support Executive,55,38,24,23,86.5,4.3
A01167,P0339,E0076,Business Analyst,139,135,9,8,86.4,4.3
A01168,P0340,E0118,Software Tester,97,104,17,15,85.9,4.4
A01169,P0340,E0127,Full Stack Developer,127,120,33,25,92.2,4.7
A01170,P0340,E0088,Business Analyst,208,256,16,11,95.7,4.8
A01171,P0340,E0132,Software Tester,62,60,32,30,80.9,4.0
A01172,P0341,E0048,Full Stack Developer,146,152,23,21,92.8,4.7
A01173,P0341,E0026,Java Developer,186,165,17,15,95.6,4.8
A01174,P0341,E0064,Java Developer,149,132,27,26,85.1,4.4
A01175,P0342,E0099,IT Support Executive,154,146,42,33,81.5,4.2
A01176,P0342,E0055,IT Support Executive,73,56,21,19,83.8,4.2
A01177,P0342,E0124,Python Developer,207,208,16,12,73.7,3.5
A01178,P0342,E0062,IT Support Executive,188,229,42,38,90.9,4.7
A01179,P0343,E0002,IT Support Executive,75,72,27,26,99.4,4.8
A01180,P0343,E0012,Python Developer,216,196,41,33,84.9,4.1
A01181,P0343,E0053,Software Tester,74,66,35,25,90.6,4.4
A01182,P0344,E0100,Automation Tester,207,233,44,41,90.5,4.4
A01183,P0344,E0132,Software Tester,80,98,28,22,81.4,3.8
A01184,P0344,E0017,Business Analyst,57,59,43,39,79.4,4.1
A01185,P0345,E0076,Business Analyst,87,88,28,26,99.3,5.0
A01186,P0345,E0136,Business Analyst,77,76,9,8,96.9,5.0
A01187,P0346,E0136,Business Analyst,145,169,34,31,75.8,3.8
A01188,P0346,E0017,Business Analyst,117,129,36,35,86.9,4.4
A01189,P0346,E0122,Technical Support Engineer,203,229,25,24,89.0,4.6
A01190,P0346,E0112,IT Support Executive,78,73,20,17,88.3,4.4
A01191,P0347,E0029,BI Analyst,73,78,19,16,92.9,4.7
A01192,P0347,E0024,Data Analyst,46,40,25,18,95.9,4.7
A01193,P0348,E0082,Python Developer,192,168,22,19,85.6,4.2
A01194,P0348,E0059,Business Analyst,99,113,9,7,83.3,4.2
A01195,P0348,E0030,Software Developer,131,139,13,12,90.7,4.5
A01196,P0349,E0026,Java Developer,74,78,40,30,92.3,4.5
A01197,P0349,E0048,Full Stack Developer,194,175,38,28,90.5,4.4
A01198,P0349,E0140,Software Developer,206,215,31,30,90.7,4.6
A01199,P0349,E0019,Full Stack Developer,87,86,32,26,82.9,4.3
A01200,P0349,E0083,IT Support Executive,165,176,38,33,100.0,4.9
A01201,P0350,E0032,BI Analyst,81,86,20,16,86.3,4.3
A01202,P0350,E0091,BI Analyst,97,101,10,7,94.5,4.5
A01203,P0350,E0065,Senior Data Analyst,144,132,8,7,100.0,4.9
